baseline_model,residual_route,metrics_variant,representation,split,subset,MAE_mean,MAE_std,RMSE_mean,RMSE_std,R2_mean,R2_std,delta_MAE_vs_baseline_mean,delta_MAE_vs_baseline_std,delta_RMSE_vs_baseline_mean,delta_RMSE_vs_baseline_std,delta_R2_vs_baseline_mean,delta_R2_vs_baseline_std,F1_mean,F1_std,DAF_mean,DAF_std,delta_F1_vs_baseline_mean,delta_F1_vs_baseline_std,delta_DAF_vs_baseline_mean,delta_DAF_vs_baseline_std,gamma_mean,gamma_std,alpha_mean,alpha_std,inner_alpha_mean,inner_alpha_std,inner_holdout_mae_mean,inner_holdout_mae_std,n_rows_mean,n_rows_std,rank_by_MAE
m3gnet,crabnet_frontend,full,mat2vec+H64,test,all,0.05664131174971354,0.0021902263077533237,0.09604366420682589,0.019522694644916325,0.9886381138639564,0.004330069223426556,-0.007525476316388303,0.0005255593239679279,-0.003960967714998367,0.019604382744800412,0.0008051280495651181,0.004873662436711867,0.6028550279281174,0.01649111429999034,3.7896938985953303,0.2708104781551872,0.0049035921060061275,0.007623776708768427,0.8185352843302164,0.08066283786501396,0.71,0.05477225575051661,252.98221301347039,141.42135579009593,189.73666001010278,173.20508020916517,0.05674779952013934,0.0010375639923073995,51392.6,0.547722557504917,1.0
m3gnet,crabnet_frontend,full,mat2vec+S64,test,all,0.05665948594298803,0.0021938938238404574,0.0973692530291662,0.022350096667466065,0.9882507824939688,0.005142598669981909,-0.0075073021231138164,0.000513153607021611,-0.002635378892658055,0.02245572371332567,0.0004177966795775534,0.005713336602058027,0.6031948101944338,0.01638999076721588,3.7941527671305195,0.2715038574866237,0.005243374372322518,0.007493490866619905,0.8229941528654059,0.08069320815084892,0.71,0.05477225575051661,252.98221301347039,141.42135579009593,189.73666001010278,173.20508020916517,0.056647410227167946,0.001087851712794425,51392.6,0.547722557504917,2.0
m3gnet,crabnet_frontend,full,mat2vec+H32,test,all,0.056669063651950534,0.0022321404173152866,0.08848950592401301,0.0036024690922027676,0.9904959820497267,0.0012524334844815344,-0.007497724414151305,0.0005650098460992809,-0.011515125997811243,0.0026245073264354706,0.0026629962353353466,0.0008038796569797713,0.6030287277438856,0.018008567963772957,3.8038537652793094,0.2828258970632059,0.005077291921774307,0.009084608147649033,0.8326951510141962,0.09854535225639459,0.72,0.0570087712549569,252.98221301347039,141.42135579009593,189.73666001010278,173.20508020916517,0.05672020615413879,0.0011026648399155117,51392.6,0.547722557504917,3.0
m3gnet,crabnet_frontend,full,mat2vec+S32,test,all,0.05671642417285725,0.0022010932061206213,0.09767669253021519,0.022840313646965177,0.988164783504258,0.005290226667915564,-0.007450363893244591,0.0005464864267673699,-0.0023279393916090713,0.022955321982635835,0.00033179768986668634,0.005868478884087183,0.6020133698494512,0.019500234808933654,3.8014283066451724,0.2724744178094124,0.004061934027339875,0.00928117217509456,0.8302696923800585,0.08513601035044809,0.72,0.0570087712549569,663.2455534033676,474.48042094835256,326.4911068067352,408.3557841761781,0.05668524642375048,0.0011074606484711418,51392.6,0.547722557504917,4.0
m3gnet,crabnet_frontend,full,mat2vec+L64,test,all,0.05675306927165604,0.002175189312544225,0.10012063813228522,0.028174458284110578,0.9873916486874095,0.006962254544878032,-0.007413718794445799,0.0005499323339518613,0.00011600621046095327,0.028321631532664454,-0.0004413371269819777,0.007571645351213967,0.6012426673287221,0.018901518807204153,3.805555731072959,0.27260970534891177,0.00329123150661077,0.00835382728870759,0.834397116807845,0.08961926508099491,0.72,0.0570087712549569,800.0000001999999,447.2135950527443,600.0000004000001,547.7225569574435,0.05671870081834619,0.0011290814559652242,51392.6,0.547722557504917,5.0
m3gnet,crabnet_frontend,full,mat2vec+L32,test,all,0.05677401082806126,0.002198945483949404,0.09341598321202813,0.012859375428547998,0.9893679962643865,0.002639158846419604,-0.007392777238040579,0.000545867075516316,-0.00658864870979613,0.012833896587920626,0.0015350104499952221,0.0030544264413648508,0.6023655579582898,0.018287320949404724,3.8001219384175817,0.276418598506572,0.004414122136178511,0.01013231036838099,0.8289633241524683,0.09101134781020678,0.71,0.05477225575051661,800.0000001999999,447.2135950527443,600.0000004000001,547.7225569574435,0.056797693198660994,0.0010866145836904238,51392.6,0.547722557504917,6.0
m3gnet,crabnet_frontend,full,mat2vec,test,all,0.05679488280598982,0.0021914598777569056,0.0913648773586316,0.008344286932463375,0.9898683107792363,0.0017283326417502122,-0.007371905260112018,0.0005735379915668305,-0.008639754563192669,0.00815083269040458,0.0020353249648450422,0.0019292179916669985,0.601184826034628,0.018776152670432363,3.790171945747422,0.2748535319214203,0.0032333902125166515,0.010222656833991652,0.8190133314823083,0.08617722128670642,0.71,0.05477225575051661,252.98221301347039,141.42135579009593,189.73666001010278,173.20508020916517,0.056828718685362344,0.001094404690728353,51392.6,0.547722557504917,7.0
m3gnet,crabnet_frontend,full,MDS_E_64_cos_zscore,test,all,0.05802614815403266,0.002355376113154958,0.09011992217534273,0.0032474340920388236,0.9901233209229462,0.0014627853383415255,-0.006140639912069182,0.0004656132098596049,-0.009884709746481521,0.0007060601431689662,0.0022903351085548753,0.0004034021090322145,0.5953595139294252,0.018607928640819036,3.740609052714428,0.2766742470424496,-0.0025919218926860666,0.01115850302967899,0.7694504384493139,0.10425879178115033,0.6900000000000001,0.06519202405202647,100.0,0.0,100.0,0.0,0.05788563633700359,0.0012523448362606012,51392.6,0.547722557504917,8.0
m3gnet,crabnet_frontend,full,MDS_64_cos_zscore,test,all,0.05816613161070844,0.0022660748238268625,0.09032212480362342,0.0031416934133680673,0.9900766487585948,0.001484116076392305,-0.006000656455393408,0.0005227575704157563,-0.009682507118200845,0.0008154389508792467,0.002243662944203395,0.0003890547471763048,0.5954087181269831,0.019699671199592737,3.685910279545876,0.24742194206456444,-0.0025427176951281936,0.010324528015188244,0.7147516652807624,0.0642428373765872,0.7,0.061237243569579436,3.1622776601683795,0.0,3.1622776601683795,0.0,0.058077437148303344,0.001274023097057644,51392.6,0.547722557504917,9.0
m3gnet,crabnet_frontend,full,MDS_F_64_cos_zscore,test,all,0.058363650697803846,0.0022857327702246184,0.09099444023754219,0.0033116089991730375,0.9899248502247862,0.001544275517965548,-0.0058031373682980005,0.0004789758200499408,-0.009010191684282057,0.0006697098649037235,0.002091864410394817,0.0003273280383622226,0.5968438192286418,0.011479210152232647,3.680008985493722,0.2821155896904117,-0.0011076165934694293,0.0062143398387209696,0.7088503712286078,0.09573140314806639,0.6900000000000001,0.04183300132670374,1.0,0.0,0.8632455532033676,0.30579223926264837,0.05829957165143755,0.0013048740170714744,51392.6,0.547722557504917,10.0
m3gnet,crabnet_frontend,full,MDS_32_cos_zscore,test,all,0.058807123571539,0.0024378673242842234,0.09227181519786173,0.0034590454013881107,0.9896386946455322,0.0016032514332183858,-0.0053596644945628465,0.00044937409340622443,-0.007732816723962516,0.0005814922839712561,0.001805708831140973,0.00027199572643719835,0.5982084684903995,0.01817411459226571,3.6618962126470427,0.2576817410051074,0.00025703266828824844,0.008416002405226174,0.690737598381929,0.07418176933504785,0.7,0.061237243569579436,100.0,0.0,100.0,0.0,0.058522354611298136,0.001332038711026716,51392.6,0.547722557504917,11.0
m3gnet,crabnet_frontend,full,MDS_F_32_cos_zscore,test,all,0.058914015169225634,0.0023604153499559555,0.09261464824461249,0.0035014323086710116,0.9895629602481405,0.0016045580374885542,-0.005252772896876206,0.00036482418062275956,-0.0073899836772117755,0.0004910643115074532,0.0017299744337491373,0.00026523996105359593,0.5957078735106904,0.012445236430294635,3.65886894687763,0.28679015277870346,-0.00224356231142091,0.008373793655591004,0.687710332612516,0.09807458310122535,0.6900000000000001,0.04183300132670374,31.62277660168379,0.0,31.62277660168379,0.0,0.058723775248033926,0.0014579100909104827,51392.6,0.547722557504917,12.0
m3gnet,crabnet_frontend,full,MDS_E_32_cos_zscore,test,all,0.059158000679244295,0.002345235513514359,0.09285158461931262,0.003322434234848781,0.9895100086627616,0.0015990849359350284,-0.005008787386857548,0.00042176966915979496,-0.007153047302511631,0.0006884333112469409,0.0016770228483702575,0.00028138884749144295,0.5963696796797373,0.01644282548333892,3.6324297249116078,0.27279544383735677,-0.0015817561423740133,0.0038153824037042055,0.6612711106464939,0.08274061802760785,0.6699999999999999,0.06708203932499372,316.22776601683796,0.0,316.22776601683796,0.0,0.058922207690635685,0.0012492684836740394,51392.6,0.547722557504917,13.0
m3gnet,crabnet_frontend,full,m3gnet-baseline,test,all,0.06416678806610185,0.0026561389910324897,0.10000463192182425,0.003940273489700563,0.9878329858143914,0.0018624740744134275,0.0,0.0,0.0,0.0,0.0,0.0,0.5979514358221113,0.013790753632342636,2.971158614265114,0.1986032284235662,0.0,0.0,0.0,0.0,0.0,0.0,,,,,,,51392.6,0.547722557504917,14.0
m3gnet,crabnet_frontend,full,mat2vec+H32,test,unique_prototype,0.058446090659856134,0.002536294763926586,0.09022811074815514,0.0034434802585348624,0.9898127474644708,0.0012236432433182787,-0.008819826173247478,0.000544956186756987,-0.012217263099830252,0.0030309357612277052,0.0029821967968246543,0.0009427784478397337,0.6090394718044624,0.01650010091309639,4.100695282268241,0.3208697892545523,0.013350490143728733,0.008071575751740443,0.907508301256566,0.11011303101545632,0.72,0.0570087712549569,252.98221301347039,141.42135579009593,189.73666001010278,173.20508020916517,0.05672020615413879,0.0011026648399155117,43097.6,818.5540910654594,1.0
m3gnet,crabnet_frontend,full,mat2vec+H64,test,unique_prototype,0.05844904121528808,0.002483776496909467,0.09918542008526202,0.02189245683117907,0.9874255170665874,0.0053777681864604085,-0.008816875617815524,0.0005455571239719778,-0.003259953762723375,0.02315176405434641,0.0005949663989411214,0.006196019635013035,0.6087281031707649,0.016053694142895494,4.08829944509274,0.3143615579158201,0.013039121510031282,0.006598111156997881,0.895112464081065,0.09861928448299886,0.71,0.05477225575051661,252.98221301347039,141.42135579009593,189.73666001010278,173.20508020916517,0.05674779952013934,0.0010375639923073995,43097.6,818.5540910654594,2.0
m3gnet,crabnet_frontend,full,mat2vec+S64,test,unique_prototype,0.05846814773598903,0.002483850009056098,0.10071490752880144,0.025157824948747635,0.9869304027347751,0.0064330692713888415,-0.00879776909711458,0.0005425268574576493,-0.001730466319183957,0.02644331137029437,9.98520671288805e-05,0.007271738467609361,0.6093149060058849,0.015763664037279298,4.095567781812912,0.31606994171588493,0.013625924345151197,0.007019756648640497,0.9023808008012375,0.09849711965717761,0.71,0.05477225575051661,252.98221301347039,141.42135579009593,189.73666001010278,173.20508020916517,0.056647410227167946,0.001087851712794425,43097.6,818.5540910654594,3.0
m3gnet,crabnet_frontend,full,mat2vec+S32,test,unique_prototype,0.0585084882911048,0.0024934665994967597,0.1010444653068527,0.025739081943026005,0.9868270757778168,0.0066278795687258465,-0.008757428541998813,0.0005601862707865221,-0.0014009085411326784,0.02702986601371549,-3.47488982934685e-06,0.007473619526198411,0.6081449619591062,0.018708264084112507,4.099641340805135,0.30874534382368835,0.012455980298372494,0.009383163437338297,0.9064543597934609,0.09679636928890183,0.72,0.0570087712549569,663.2455534033676,474.48042094835256,326.4911068067352,408.3557841761781,0.05668524642375048,0.0011074606484711418,43097.6,818.5540910654594,4.0
m3gnet,crabnet_frontend,full,mat2vec+L64,test,unique_prototype,0.0585481779228487,0.002468080254367644,0.10385042702571592,0.03187371897868342,0.9858370274883281,0.008790938848679895,-0.008717738910254912,0.0005784535970394078,0.0014050531777305363,0.03319959114915942,-0.0009935231793181786,0.009659656804687994,0.6079326068791553,0.017487552850987746,4.109003104189688,0.31337852122372156,0.01224362521842164,0.007336896847800379,0.9158161231780143,0.10321163987973211,0.72,0.0570087712549569,800.0000001999999,447.2135950527443,600.0000004000001,547.7225569574435,0.05671870081834619,0.0011290814559652242,43097.6,818.5540910654594,5.0
m3gnet,crabnet_frontend,full,mat2vec+L32,test,unique_prototype,0.05857843561472824,0.002498803153380146,0.09606941206302946,0.014138150097238456,0.9883775809327767,0.003149714801797029,-0.008687481218375363,0.0005416930461302966,-0.006375961784955919,0.015275151820557371,0.0015470302651305,0.0038672825891283287,0.6090564696846551,0.01681006317085356,4.102063735688118,0.3167337630450512,0.013367488023921403,0.009088280106730814,0.9088767546764437,0.10411803574330954,0.71,0.05477225575051661,800.0000001999999,447.2135950527443,600.0000004000001,547.7225569574435,0.056797693198660994,0.0010866145836904238,43097.6,818.5540910654594,6.0
m3gnet,crabnet_frontend,full,mat2vec,test,unique_prototype,0.05859520536458812,0.002494339660484721,0.09364211488017722,0.008808413428987949,0.9890200977388737,0.0018927154502044257,-0.008670711468515481,0.0005601805839301643,-0.008803258967808167,0.009738714844385574,0.002189547071227582,0.0024195887555143324,0.608194477201593,0.01792422990347497,4.091863156522966,0.3119772599053815,0.012505495540859357,0.009509808549355434,0.8986761755112915,0.09836075833957246,0.71,0.05477225575051661,252.98221301347039,141.42135579009593,189.73666001010278,173.20508020916517,0.056828718685362344,0.001094404690728353,43097.6,818.5540910654594,7.0
m3gnet,crabnet_frontend,full,MDS_E_64_cos_zscore,test,unique_prototype,0.05992115926197876,0.002661775247824424,0.0917434959355766,0.003728385637027311,0.989442985995499,0.0015235255690537492,-0.0073447575711248405,0.00039246851817870886,-0.010701877912408777,0.0007375326759474735,0.0026124353278526914,0.00044958883688749,0.6011759753046461,0.018343079528652977,4.023457849255806,0.31239765918107987,0.005486993643912386,0.010295334313092479,0.8302708682441313,0.11806073850549079,0.6900000000000001,0.06519202405202647,100.0,0.0,100.0,0.0,0.05788563633700359,0.0012523448362606012,43097.6,818.5540910654594,8.0
m3gnet,crabnet_frontend,full,MDS_64_cos_zscore,test,unique_prototype,0.060071830973157006,0.0025846561253702314,0.09194085845861634,0.0036175896743825646,0.9893938534729999,0.0015581816253566107,-0.007194085859946607,0.0005220484238208584,-0.010504515389369052,0.0008435164101419547,0.002563302805353729,0.0004227444392310832,0.6014159397099708,0.018493814008460466,3.984648185571058,0.2910017046065266,0.005726958049237063,0.009289788081141673,0.7914612045593831,0.07912738228847718,0.7,0.061237243569579436,3.1622776601683795,0.0,3.1622776601683795,0.0,0.058077437148303344,0.001274023097057644,43097.6,818.5540910654594,9.0
m3gnet,crabnet_frontend,full,MDS_F_64_cos_zscore,test,unique_prototype,0.06031423412470786,0.0026248514249862,0.0926457870254124,0.003812364420393012,0.9892264310516967,0.0016285973424753463,-0.00695168270839574,0.00048561614307505074,-0.009799586822572976,0.0006991949255027767,0.002395880384050586,0.0003527595442170469,0.602280216899225,0.011510416615210574,3.9691758706679465,0.32557219393395254,0.006591235238491344,0.004895916905481713,0.7759888896562723,0.11258253231861023,0.6900000000000001,0.04183300132670374,1.0,0.0,0.8632455532033676,0.30579223926264837,0.05829957165143755,0.0013048740170714744,43097.6,818.5540910654594,10.0
m3gnet,crabnet_frontend,full,MDS_32_cos_zscore,test,unique_prototype,0.06081883287114727,0.0027681117759172412,0.09399463650184663,0.003938345997242087,0.9889102626521872,0.0016807016701798356,-0.006447083961956338,0.00036816494372338306,-0.00845073734613876,0.000632236446747035,0.0020797119845409997,0.0003077859181675742,0.6040158925056731,0.017470841288613228,3.954796990888538,0.295247640583575,0.008326910844939505,0.008538954743591292,0.7616100098768631,0.08676203346789475,0.7,0.061237243569579436,100.0,0.0,100.0,0.0,0.058522354611298136,0.001332038711026716,43097.6,818.5540910654594,11.0
m3gnet,crabnet_frontend,full,MDS_F_32_cos_zscore,test,unique_prototype,0.06091830330610124,0.0027097585454787226,0.09433093281569269,0.004025569195579435,0.988831496276595,0.0016898594048915365,-0.006347613527002366,0.00033464454409361314,-0.008114441032292696,0.0005232829905585912,0.002000945608948679,0.00029230175048276514,0.6012537228064005,0.011548547467197426,3.9477621655042916,0.325453186170533,0.005564741145666874,0.0062065533602805685,0.7545751844926174,0.11302928365054066,0.6900000000000001,0.04183300132670374,31.62277660168379,0.0,31.62277660168379,0.0,0.058723775248033926,0.0014579100909104827,43097.6,818.5540910654594,12.0
m3gnet,crabnet_frontend,full,MDS_E_32_cos_zscore,test,unique_prototype,0.06123777103228802,0.0026221190147012693,0.09466180715987946,0.003763588747517165,0.9887553426191614,0.0016670658626175953,-0.006028145800815581,0.00043562042739616615,-0.00778356668810592,0.0007213062686156291,0.0019247919515152257,0.0003199433204427795,0.6007059594829914,0.016005106577517685,3.9038850278865476,0.31060979465151684,0.005016977822257784,0.0038344635760306747,0.7106980468748728,0.09617458311288483,0.6699999999999999,0.06708203932499372,316.22776601683796,0.0,316.22776601683796,0.0,0.058922207690635685,0.0012492684836740394,43097.6,818.5540910654594,13.0
m3gnet,crabnet_frontend,full,m3gnet-baseline,test,unique_prototype,0.06726591683310361,0.003005372820300337,0.10244537384798538,0.004426992455232459,0.9868305506676462,0.0019701013919456722,0.0,0.0,0.0,0.0,0.0,0.0,0.5956889816607337,0.013192435041306502,3.1931869810116744,0.22163665281761896,0.0,0.0,0.0,0.0,0.0,0.0,,,,,,,43097.6,818.5540910654594,14.0
m3gnet,crabnet_frontend,full,mat2vec+H64,train,all,0.0561678581752388,0.0005759168646349222,0.0867831116809205,0.0010977006660801867,0.991016627002967,0.0003945453672056109,-0.00799894621401387,0.00013566072774065692,-0.0132799091596635,0.0005269086433041,0.0029568504079838577,8.671983375101093e-05,0.6055731715045105,0.003567460040399423,3.7910576809746956,0.062395547558595756,0.006830853221647781,0.003725388701738222,0.829812641390175,0.029458769088751842,0.71,0.05477225575051661,252.98221301347039,141.42135579009593,189.73666001010278,173.20508020916517,0.05674779952013934,0.0010375639923073995,205570.4,0.5477225575061624,1.0
m3gnet,crabnet_frontend,full,mat2vec+S64,train,all,0.056179208753726485,0.000577145400071293,0.0868365607382743,0.001096350854543627,0.9910055949529226,0.00039389485900132287,-0.007987595635526184,0.000129974076937075,-0.013226460102309708,0.0005215061622057151,0.0029458183579395224,8.652675557989293e-05,0.6058064294889618,0.0034856772055255393,3.79624845122852,0.061358063589942176,0.0070641112060989995,0.0035476528526892466,0.8350034116439993,0.029289390803407825,0.71,0.05477225575051661,252.98221301347039,141.42135579009593,189.73666001010278,173.20508020916517,0.056647410227167946,0.001087851712794425,205570.4,0.5477225575061624,2.0
m3gnet,crabnet_frontend,full,mat2vec+S32,train,all,0.05628012303748224,0.0005805394380830679,0.0869909430778968,0.0011068052661747923,0.9909731849111634,0.00040727753906447795,-0.007886681351770414,0.0001375532117031648,-0.013072077762687203,0.000494111159938998,0.002913408316180255,5.7848633841359165e-05,0.6055752821283373,0.0027833590312334477,3.8090769269851767,0.05763525300390577,0.006832963845474627,0.00409007464504791,0.8478318874006561,0.027697475737804837,0.72,0.0570087712549569,663.2455534033676,474.48042094835256,326.4911068067352,408.3557841761781,0.05668524642375048,0.0011074606484711418,205570.4,0.5477225575061624,3.0
m3gnet,crabnet_frontend,full,mat2vec+H32,train,all,0.05629289392367946,0.0005868820633923443,0.0869898467739178,0.0011213173554865648,0.9909733213065813,0.0004105579344947034,-0.007873910465573203,0.00013230099275522743,-0.013073174066666199,0.0005066319713821068,0.0029135447115982817,5.736661046308891e-05,0.6064713190409392,0.003075918620216287,3.8041228431522285,0.05476139339170546,0.007729000758076388,0.004173211750458786,0.8428778035677071,0.023918462099160286,0.72,0.0570087712549569,252.98221301347039,141.42135579009593,189.73666001010278,173.20508020916517,0.05672020615413879,0.0011026648399155117,205570.4,0.5477225575061624,4.0
m3gnet,crabnet_frontend,full,mat2vec+L64,train,all,0.05629792247511968,0.0005765803733808371,0.08701622064601919,0.0011096105326284461,0.9909678907826404,0.00040896445150827033,-0.007868881914132982,0.0001313485609892216,-0.0130468001945648,0.0004969013113359319,0.002908114187657329,5.602837339687756e-05,0.6052981127592242,0.0031146600338534417,3.815648162143218,0.05763124002087316,0.00655579447636141,0.004842732998316958,0.8544031225586972,0.02640027397908417,0.72,0.0570087712549569,800.0000001999999,447.2135950527443,600.0000004000001,547.7225569574435,0.05671870081834619,0.0011290814559652242,205570.4,0.5477225575061624,5.0
m3gnet,crabnet_frontend,full,mat2vec+L32,train,all,0.05637978081216464,0.0005702379914998464,0.08725146926374654,0.0010932635674000548,0.9909194705170089,0.0003961866660354264,-0.0077870235770880255,0.0001404959363627346,-0.012811551576837454,0.000534422565567404,0.0028596939220258077,9.012613303629122e-05,0.6064475399958309,0.003372677050601523,3.807839841523028,0.060198783756263474,0.007705221712968125,0.0037859694139311716,0.8465948019385074,0.029912048754716612,0.71,0.05477225575051661,800.0000001999999,447.2135950527443,600.0000004000001,547.7225569574435,0.056797693198660994,0.0010866145836904238,205570.4,0.5477225575061624,6.0
m3gnet,crabnet_frontend,full,mat2vec,train,all,0.056424316601918545,0.0005691280287416006,0.08732249134771991,0.0010878338576932225,0.990904682298568,0.0003964402557572667,-0.007742487787334116,0.00014229208217631995,-0.012740529492864092,0.0005337573937939319,0.0028449057035849546,8.977073212635287e-05,0.6051480824676669,0.003161157912530892,3.7985128974010514,0.061420442320191476,0.006405764184804097,0.003882489583875741,0.8372678578165307,0.029536018055468672,0.71,0.05477225575051661,252.98221301347039,141.42135579009593,189.73666001010278,173.20508020916517,0.056828718685362344,0.001094404690728353,205570.4,0.5477225575061624,7.0
m3gnet,crabnet_frontend,full,MDS_E_64_cos_zscore,train,all,0.05782613059294839,0.0005522202106471807,0.08990214644838557,0.0010233298373796675,0.9903588151430952,0.0004303500727525749,-0.0063406737963042775,0.00013130714133959334,-0.010160874392198427,0.000561531704573854,0.002299038548112242,7.734648314515693e-05,0.5975098617952475,0.0045316451816893675,3.7370343374340123,0.05917437920918436,-0.0012324564876152744,0.005635619078048504,0.7757892978494916,0.03414793519768548,0.6900000000000001,0.06519202405202647,100.0,0.0,100.0,0.0,0.05788563633700359,0.0012523448362606012,205570.4,0.5477225575061624,8.0
m3gnet,crabnet_frontend,full,MDS_64_cos_zscore,train,all,0.057940825790178896,0.0005534525933773753,0.0900758454701526,0.001029920659320318,0.99032217501309,0.00041426928980450324,-0.006225978599073767,0.00013678290667835922,-0.009987175370431403,0.0004407477305366429,0.0022623984181070035,5.951954967878941e-05,0.5977779495529353,0.002972870275726913,3.688726702013111,0.05053191354182891,-0.0009643687299275561,0.004770599801177571,0.72748166242859,0.022260987524455513,0.7,0.061237243569579436,3.1622776601683795,0.0,3.1622776601683795,0.0,0.058077437148303344,0.001274023097057644,205570.4,0.5477225575061624,9.0
m3gnet,crabnet_frontend,full,MDS_F_64_cos_zscore,train,all,0.058145425943932724,0.0005724632275034943,0.09075360204663876,0.0009743580511572865,0.9901765666251727,0.0004004039515546675,-0.00602137844531994,0.00012544260170697049,-0.00930941879394524,0.00030989668816843705,0.0021167900301896523,4.0542929842099835e-05,0.599002368545165,0.0013102757568573286,3.6756500263986807,0.05483393932529031,0.00026005026230220275,0.0033727701891814337,0.7144049868141596,0.008087015026616053,0.6900000000000001,0.04183300132670374,1.0,0.0,0.8632455532033676,0.30579223926264837,0.05829957165143755,0.0013048740170714744,205570.4,0.5477225575061624,10.0
m3gnet,crabnet_frontend,full,MDS_32_cos_zscore,train,all,0.058649255477746076,0.0006008359998676925,0.09213650056917919,0.0010486955898988696,0.989874515576259,0.0004276822176332399,-0.0055175489115065895,9.631347515974204e-05,-0.007926520271404818,0.00036766574436075086,0.0018147389812759763,3.9163436564443956e-05,0.6000571038852451,0.003083009228593479,3.6566101002315543,0.049228456209575625,0.0013147856023824067,0.0042376688681371845,0.6953650606470329,0.021200652831578178,0.7,0.061237243569579436,100.0,0.0,100.0,0.0,0.058522354611298136,0.001332038711026716,205570.4,0.5477225575061624,11.0
m3gnet,crabnet_frontend,full,MDS_F_32_cos_zscore,train,all,0.058772336014908555,0.0005932945317531215,0.09248065895020667,0.0009953097441102465,0.9897993572406909,0.0004091150275591085,-0.005394468374344111,0.00010169721885540404,-0.007582361890377332,0.0002601979410644263,0.0017395806457078944,2.9272015147318486e-05,0.5974800312553203,0.0017744065165930713,3.6483397135738374,0.05511547200279413,-0.0012622870275424748,0.004179399585723793,0.6870946739893165,0.0076371815142504546,0.6900000000000001,0.04183300132670374,31.62277660168379,0.0,31.62277660168379,0.0,0.058723775248033926,0.0014579100909104827,205570.4,0.5477225575061624,12.0
m3gnet,crabnet_frontend,full,MDS_E_32_cos_zscore,train,all,0.05907297146820156,0.00060458107226925,0.0927891445690739,0.0011381076475854243,0.9897304541826436,0.00044229380494031255,-0.005093832921051105,0.0001138935777074859,-0.007273876271510096,0.0003665635590765016,0.0016706775876605296,3.528863688987072e-05,0.5974056662586262,0.0022176021457699703,3.6250571508177862,0.030689647217515163,-0.0013366520242366065,0.004819378123618559,0.6638121112332654,0.024668474499497873,0.6699999999999999,0.06708203932499372,316.22776601683796,0.0,316.22776601683796,0.0,0.058922207690635685,0.0012492684836740394,205570.4,0.5477225575061624,13.0
m3gnet,crabnet_frontend,full,m3gnet-baseline,train,all,0.06416680438925267,0.0006640309125326697,0.10006302084058401,0.0009643019045481913,0.988059776594983,0.0004173082891343496,0.0,0.0,0.0,0.0,0.0,0.0,0.5987423182828628,0.0035362250988489633,2.961245039584521,0.05081213201050769,0.0,0.0,0.0,0.0,0.0,0.0,,,,,,,205570.4,0.5477225575061624,14.0
m3gnet,crabnet_frontend,full,mat2vec+H64,train,unique_prototype,0.05795818805262968,0.0007380790117117682,0.08831363426892633,0.0013151331960623816,0.9903803106494824,0.0004419879198889908,-0.009309713817714841,0.0001919090641198964,-0.014217891264410226,0.0005907297177848044,0.003343164951706257,9.699184635574445e-05,0.6121563491871329,0.0032912582255094224,4.094910117168743,0.06698810928434268,0.01573258428100006,0.0036838686587258676,0.912046295595242,0.03078831380200717,0.71,0.05477225575051661,252.98221301347039,141.42135579009593,189.73666001010278,173.20508020916517,0.05674779952013934,0.0010375639923073995,172390.4,818.554091065462,1.0
m3gnet,crabnet_frontend,full,mat2vec+S64,train,unique_prototype,0.057968908681844886,0.0007372094231589856,0.0883736699796123,0.0013137434475506656,0.9903672545258209,0.00044171985738927484,-0.00929899318849963,0.00018742695775290038,-0.014157855553724277,0.0005864855813322514,0.003330108828044631,9.658538669209421e-05,0.6122664597795324,0.003175640970690994,4.099704205456656,0.06575773046666437,0.015842694873399666,0.003542835212010826,0.9168403838831548,0.03154593174495727,0.71,0.05477225575051661,252.98221301347039,141.42135579009593,189.73666001010278,173.20508020916517,0.056647410227167946,0.001087851712794425,172390.4,818.554091065462,2.0
m3gnet,crabnet_frontend,full,mat2vec+S32,train,unique_prototype,0.05804883909457491,0.0007457954887170571,0.08851682206607178,0.0013333827276625486,0.9903355738557329,0.00045678668590274583,-0.009219062775769605,0.00018982360638884125,-0.01401470346726478,0.0005637492676677444,0.0032984281579566455,6.65825452726865e-05,0.6117717762229773,0.00224759155873427,4.109512026554954,0.061136178583135116,0.015348011316844512,0.0037276194938266967,0.9266482049814531,0.03088732069325818,0.72,0.0570087712549569,663.2455534033676,474.48042094835256,326.4911068067352,408.3557841761781,0.05668524642375048,0.0011074606484711418,172390.4,818.554091065462,3.0
m3gnet,crabnet_frontend,full,mat2vec+H32,train,unique_prototype,0.058063884999932015,0.0007529647657840426,0.08851996706531688,0.001348061337813079,0.990334800333933,0.0004600756803841349,-0.009204016870412503,0.00018872944097934953,-0.01401155846801968,0.0005758249936587194,0.0032976546361567884,6.685257028285801e-05,0.6123980637017723,0.002753569172870163,4.104412789936843,0.058559861815959686,0.01597429879563945,0.00400699898957962,0.9215489683633414,0.025710843107141144,0.72,0.0570087712549569,252.98221301347039,141.42135579009593,189.73666001010278,173.20508020916517,0.05672020615413879,0.0011026648399155117,172390.4,818.554091065462,4.0
m3gnet,crabnet_frontend,full,mat2vec+L64,train,unique_prototype,0.05806875831746615,0.0007385333865921121,0.08854992444992937,0.0013358680983981894,0.9903282953620904,0.0004585413731177702,-0.00919914355287837,0.00018274010916743746,-0.01398160108340719,0.0005690531022395544,0.0032911496643141637,6.602856910220819e-05,0.6117156712466849,0.0028578406171350765,4.11813720152791,0.06143019546050513,0.01529190634055213,0.004532272091305662,0.9352733799544086,0.02816866151247399,0.72,0.0570087712549569,800.0000001999999,447.2135950527443,600.0000004000001,547.7225569574435,0.05671870081834619,0.0011290814559652242,172390.4,818.554091065462,5.0
m3gnet,crabnet_frontend,full,mat2vec+L32,train,unique_prototype,0.05816939815912259,0.0007333256297811665,0.08879672569557968,0.0013104346875801682,0.9902748828803125,0.00044316861083336194,-0.009098503711221936,0.00019237530474623335,-0.013734799837756878,0.0005940517348439973,0.00323773718253626,0.00010075069720595402,0.6127549703977273,0.003007650875354854,4.109828678766633,0.06304290756731369,0.016331205491594523,0.003453866675342333,0.926964857193132,0.033254300582169424,0.71,0.05477225575051661,800.0000001999999,447.2135950527443,600.0000004000001,547.7225569574435,0.056797693198660994,0.0010866145836904238,172390.4,818.554091065462,6.0
m3gnet,crabnet_frontend,full,mat2vec,train,unique_prototype,0.058213709120680066,0.0007322821502176143,0.08887153535777582,0.0013057981170312158,0.9902584973738253,0.0004433025949802477,-0.009054192749664455,0.0001912738105848383,-0.01365999017556074,0.000592637191254195,0.003221351676049178,0.00010043114745631345,0.611603737996157,0.0026808149381868495,4.099965134626836,0.06526237929321266,0.01517997309002419,0.003612042355117702,0.9171013130533346,0.03323089645861238,0.71,0.05477225575051661,252.98221301347039,141.42135579009593,189.73666001010278,173.20508020916517,0.056828718685362344,0.001094404690728353,172390.4,818.554091065462,7.0
m3gnet,crabnet_frontend,full,MDS_E_64_cos_zscore,train,unique_prototype,0.059729891364561714,0.0006824310477997869,0.09156356997238542,0.0012583751202686847,0.9896589758567531,0.00047607689155240593,-0.007538010505782805,0.00019364577577375006,-0.010967955560951153,0.000635765707811126,0.002621830158976879,9.973442469939283e-05,0.6034084117857945,0.004667154719356769,4.020992222053475,0.055874989463389875,0.006984646879661693,0.005284520157268751,0.8381284004799738,0.03629378343935091,0.6900000000000001,0.06519202405202647,100.0,0.0,100.0,0.0,0.05788563633700359,0.0012523448362606012,172390.4,818.554091065462,8.0
m3gnet,crabnet_frontend,full,MDS_64_cos_zscore,train,unique_prototype,0.059845779639520466,0.0007029848626867672,0.0917209991276859,0.0012814554880206045,0.9896238774405344,0.00046647497841972727,-0.007422122230824049,0.00017864657274434126,-0.010810526405650663,0.0005203799410599519,0.0025867317427581416,7.503174602934207e-05,0.6038078240159228,0.003119711879412839,3.9860766860158563,0.05330785446984196,0.007384059109789942,0.004686336832456599,0.8032128644423553,0.021885000040425335,0.7,0.061237243569579436,3.1622776601683795,0.0,3.1622776601683795,0.0,0.058077437148303344,0.001274023097057644,172390.4,818.554091065462,9.0
m3gnet,crabnet_frontend,full,MDS_F_64_cos_zscore,train,unique_prototype,0.060095779902057014,0.000709206418236309,0.09243195482373216,0.0012018849219752451,0.9894631030807014,0.0004482082705848016,-0.007172121968287511,0.00016148507791317177,-0.0100995707096044,0.00036839662643083033,0.002425957382925281,4.8660917615391236e-05,0.604582747985426,0.0014880099057057864,3.9654301386347095,0.06160961508477805,0.008158983079293169,0.003161902327041515,0.7825663170612083,0.008712949661895526,0.6900000000000001,0.04183300132670374,1.0,0.0,0.8632455532033676,0.30579223926264837,0.05829957165143755,0.0013048740170714744,172390.4,818.554091065462,10.0
m3gnet,crabnet_frontend,full,MDS_32_cos_zscore,train,unique_prototype,0.06066830086376659,0.0007441641771310705,0.09389076298592643,0.0012843012628704752,0.9891274538471334,0.00047897372857343693,-0.006599601006577931,0.00013421122104007073,-0.008640762547410146,0.0004367163677269437,0.0020903081493572006,5.439302553378204e-05,0.6056065753030039,0.0032269823399549316,3.9470472053274364,0.0482437302036687,0.009182810396871032,0.0038714798143701327,0.7641833837539349,0.022293556578643944,0.7,0.061237243569579436,100.0,0.0,100.0,0.0,0.058522354611298136,0.001332038711026716,172390.4,818.554091065462,11.0
m3gnet,crabnet_frontend,full,MDS_F_32_cos_zscore,train,unique_prototype,0.06077908176728712,0.0007269966054236359,0.09422984056786196,0.001218629103491366,0.9890494777713068,0.00045788059993720286,-0.0064888201030574,0.0001323736525555435,-0.008301684965474598,0.00031465222775794814,0.002012332073530576,3.620456850817878e-05,0.602509784242291,0.002171727003939501,3.933833874231381,0.057367365364844304,0.0060860193361581775,0.0037541829334732835,0.7509700526578797,0.005671283339353622,0.6900000000000001,0.04183300132670374,31.62277660168379,0.0,31.62277660168379,0.0,0.058723775248033926,0.0014579100909104827,172390.4,818.554091065462,12.0
m3gnet,crabnet_frontend,full,MDS_E_32_cos_zscore,train,unique_prototype,0.06115859122153251,0.0007757676916278485,0.09462793958955378,0.001385256374839862,0.9889558663373366,0.000499229756088214,-0.006109310648812008,0.00016090166622615852,-0.007903585943782793,0.00043986025665460776,0.0019187206395603561,5.0995594317485906e-05,0.6017529675814075,0.002182478638160435,3.8948268708061358,0.032156758763830555,0.00532920267527468,0.004252783829945711,0.7119630492326345,0.02766327533661177,0.6699999999999999,0.06708203932499372,316.22776601683796,0.0,316.22776601683796,0.0,0.058922207690635685,0.0012492684836740394,172390.4,818.554091065462,13.0
m3gnet,crabnet_frontend,full,m3gnet-baseline,train,unique_prototype,0.06726790187034452,0.0007612977088625079,0.10253152553333655,0.001103555731270149,0.9870371456977761,0.000455718030750199,0.0,0.0,0.0,0.0,0.0,0.0,0.5964237649061328,0.003397136719395139,3.182863821573501,0.055960148552886675,0.0,0.0,0.0,0.0,0.0,0.0,,,,,,,172390.4,818.554091065462,14.0
