baseline_model,material_id,formula,n_atoms,energy_raw,energy_is_per_atom,energy_total,energy_per_atom
orb-v3,wbm-5-22344,Pt4 Y4,8,-57.936866760253906,False,-57.936866760253906,-7.242108345031738
orb-v3,wbm-5-22345,Pt4 Y4,8,-59.62285232543945,False,-59.62285232543945,-7.452856540679932
orb-v3,wbm-5-22346,Au1 Rh2 Y1,4,-26.163373947143555,False,-26.163373947143555,-6.540843486785889
orb-v3,wbm-5-22347,Ce1 Rh2 Y1,4,-30.059946060180664,False,-30.059946060180664,-7.514986515045166
orb-v3,wbm-5-22348,In1 Rh2 Y1,4,-26.857189178466797,False,-26.857189178466797,-6.714297294616699
orb-v3,wbm-5-22349,La1 Rh2 Y1,4,-28.985883712768555,False,-28.985883712768555,-7.246470928192139
orb-v3,wbm-5-22350,Nd1 Rh2 Y1,4,-28.85198402404785,False,-28.85198402404785,-7.212996006011963
orb-v3,wbm-5-22351,Pb1 Rh2 Y1,4,-27.096155166625977,False,-27.096155166625977,-6.774038791656494
orb-v3,wbm-5-22352,Pd1 Rh2 Y1,4,-28.528284072875977,False,-28.528284072875977,-7.132071018218994
orb-v3,wbm-5-22353,Pr1 Rh2 Y1,4,-28.750158309936523,False,-28.750158309936523,-7.187539577484131
orb-v3,wbm-5-22354,Pt1 Rh2 Y1,4,-29.842317581176758,False,-29.842317581176758,-7.4605793952941895
orb-v3,wbm-5-22355,Pu1 Rh2 Y1,4,-37.68175506591797,False,-37.68175506591797,-9.420438766479492
orb-v3,wbm-5-22356,Pu1 Rh2 Y1,4,-37.68489456176758,False,-37.68489456176758,-9.421223640441895
orb-v3,wbm-5-22357,Rh2 Sm1 Y1,4,-28.9919490814209,False,-28.9919490814209,-7.247987270355225
orb-v3,wbm-5-22358,Rh2 Sn1 Y1,4,-28.29732322692871,False,-28.29732322692871,-7.074330806732178
orb-v3,wbm-5-22359,Au2 Rh1 Y1,4,-23.052648544311523,False,-23.052648544311523,-5.763162136077881
orb-v3,wbm-5-22360,Pb2 Rh1 Y1,4,-22.416881561279297,False,-22.416881561279297,-5.604220390319824
orb-v3,wbm-5-22361,Pd2 Rh1 Y1,4,-26.84971809387207,False,-26.84971809387207,-6.712429523468018
orb-v3,wbm-5-22362,Rh2 Y2,4,-30.774301528930664,False,-30.774301528930664,-7.693575382232666
orb-v3,wbm-5-22363,Rh4 Y4,8,-57.88534164428711,False,-57.88534164428711,-7.235667705535889
orb-v3,wbm-5-22364,Pa1 Ru2 Y1,4,-36.40637969970703,False,-36.40637969970703,-9.101594924926758
orb-v3,wbm-5-22365,Pd1 Ru2 Y1,4,-30.509809494018555,False,-30.509809494018555,-7.627452373504639
orb-v3,wbm-5-22366,Pu1 Ru2 Y1,4,-40.21628189086914,False,-40.21628189086914,-10.054070472717285
orb-v3,wbm-5-22367,Ru2 Sn1 Y1,4,-30.368154525756836,False,-30.368154525756836,-7.592038631439209
orb-v3,wbm-5-22368,Ru2 Tb1 Y1,4,-30.779163360595703,False,-30.779163360595703,-7.694790840148926
orb-v3,wbm-5-22369,Pt2 Ru1 Y1,4,-30.15786361694336,False,-30.15786361694336,-7.53946590423584
orb-v3,wbm-5-22370,Ru2 Sb4 Y2,8,-53.1329460144043,False,-53.1329460144043,-6.641618251800537
orb-v3,wbm-5-22371,Ru3 Y3,6,-48.868408203125,False,-48.868408203125,-8.144734700520834
orb-v3,wbm-5-22372,Ru4 Y4,8,-61.70881271362305,False,-61.70881271362305,-7.713601589202881
orb-v3,wbm-5-22373,Pb2 Sb2 Y1,5,-23.723295211791992,False,-23.723295211791992,-4.744659042358398
orb-v3,wbm-5-22374,Sb4 Y2,6,-33.644649505615234,False,-33.644649505615234,-5.607441584269206
orb-v3,wbm-5-22375,Hg2 Sb1 Y1,4,-12.241147994995117,False,-12.241147994995117,-3.0602869987487793
orb-v3,wbm-5-22376,Pb2 Sm1 Y1,4,-20.442626953125,False,-20.442626953125,-5.11065673828125
orb-v3,wbm-5-22377,Ac1 Sn2 Y1,4,-20.874406814575195,False,-20.874406814575195,-5.218601703643799
orb-v3,wbm-5-22378,Ce1 Sn2 Y1,4,-22.81439971923828,False,-22.81439971923828,-5.70359992980957
orb-v3,wbm-5-22379,La1 Sn2 Y1,4,-22.13011932373047,False,-22.13011932373047,-5.532529830932617
orb-v3,wbm-5-22380,Pm1 Sn2 Y1,4,-21.844051361083984,False,-21.844051361083984,-5.461012840270996
orb-v3,wbm-5-22381,Pu1 Sn2 Y1,4,-30.694469451904297,False,-30.694469451904297,-7.673617362976074
orb-v3,wbm-5-22382,Sn2 Y1 Yb1,4,-18.585695266723633,False,-18.585695266723633,-4.646423816680908
orb-v3,wbm-5-22383,I4 Sn1 Y1,6,-21.752933502197266,False,-21.752933502197266,-3.6254889170328775
orb-v3,wbm-5-22384,Ir2 Sn1 Y1,4,-30.264089584350586,False,-30.264089584350586,-7.5660223960876465
orb-v3,wbm-5-22385,Pt2 Sn1 Y1,4,-26.14607810974121,False,-26.14607810974121,-6.536519527435303
orb-v3,wbm-5-22386,Pt2 Sn2 Y2,6,-39.07842254638672,False,-39.07842254638672,-6.513070424397786
orb-v3,wbm-5-22387,Re2 Sn2 Y2,6,-46.80077362060547,False,-46.80077362060547,-7.800128936767578
orb-v3,wbm-5-22388,Sn2 Tm2 Y2,6,-33.22089385986328,False,-33.22089385986328,-5.536815643310547
orb-v3,wbm-5-22389,Sn1 Y1,2,-11.755459785461426,False,-11.755459785461426,-5.877729892730713
orb-v3,wbm-5-22390,Pb2 Ta1 Y1,4,-24.679481506347656,False,-24.679481506347656,-6.169870376586914
orb-v3,wbm-5-22391,Pb2 Tb1 Y1,4,-20.227609634399414,False,-20.227609634399414,-5.0569024085998535
orb-v3,wbm-5-22392,Te6 Y3,9,-47.70357131958008,False,-47.70357131958008,-5.3003968132866754
orb-v3,wbm-5-22393,Tl4 Y2,6,-24.129470825195312,False,-24.129470825195312,-4.021578470865886
orb-v3,wbm-5-22394,Pb2 Tl1 Y1,4,-17.230152130126953,False,-17.230152130126953,-4.307538032531738
orb-v3,wbm-5-22395,Tl1 Y1,2,-9.581321716308594,False,-9.581321716308594,-4.790660858154297
orb-v3,wbm-5-22396,Pb2 Tm1 Y1,4,-19.9559268951416,False,-19.9559268951416,-4.9889817237854
orb-v3,wbm-5-22397,Pb2 Tm1 Y1,4,-20.00577163696289,False,-20.00577163696289,-5.001442909240723
orb-v3,wbm-5-22398,Pb2 Y1 Yb1,4,-17.312705993652344,False,-17.312705993652344,-4.328176498413086
orb-v3,wbm-5-22399,Pb2 Y1 Zr1,4,-23.222797393798828,False,-23.222797393798828,-5.805699348449707
orb-v3,wbm-5-22400,Sn2 Y2 Zr2,6,-41.765438079833984,False,-41.765438079833984,-6.960906346638997
orb-v3,wbm-5-22401,Au2 Hg1 Yb2,5,-13.851478576660156,False,-13.851478576660156,-2.7702957153320313
orb-v3,wbm-5-22402,Hg1 Pb1 Yb2,4,-9.685979843139648,False,-9.685979843139648,-2.421494960784912
orb-v3,wbm-5-22403,Hg1 Ir2 Yb2,5,-23.59002685546875,False,-23.59002685546875,-4.71800537109375
orb-v3,wbm-5-22404,Ir2 Tl1 Yb2,5,-25.539772033691406,False,-25.539772033691406,-5.107954406738282
orb-v3,wbm-5-22405,Hg1 Pt2 Yb2,5,-20.25750160217285,False,-20.25750160217285,-4.05150032043457
orb-v3,wbm-5-22406,Pb1 Pt2 Yb2,5,-23.356975555419922,False,-23.356975555419922,-4.671395111083984
orb-v3,wbm-5-22407,Pt3 Yb2,5,-26.62811279296875,False,-26.62811279296875,-5.32562255859375
orb-v3,wbm-5-22408,Au2 Yb6,8,-20.23961639404297,False,-20.23961639404297,-2.529952049255371
orb-v3,wbm-5-22409,Hg1 Ir2 Yb3,6,-25.731571197509766,False,-25.731571197509766,-4.288595199584961
orb-v3,wbm-5-22410,Ir2 Tl3 Yb3,8,-32.27587890625,False,-32.27587890625,-4.03448486328125
orb-v3,wbm-5-22411,Ir2 Yb6,8,-30.676097869873047,False,-30.676097869873047,-3.834512233734131
orb-v3,wbm-5-22412,Au1 Os2 Yb3,6,-30.070634841918945,False,-30.070634841918945,-5.011772473653157
orb-v3,wbm-5-22413,Os2 Yb6,8,-31.17310333251953,False,-31.17310333251953,-3.8966379165649414
orb-v3,wbm-5-22414,Os2 Yb6,8,-31.173446655273438,False,-31.173446655273438,-3.8966808319091797
orb-v3,wbm-5-22415,Pt2 Tl3 Yb3,8,-29.54150390625,False,-29.54150390625,-3.69268798828125
orb-v3,wbm-5-22416,Pt2 Yb6,8,-27.320926666259766,False,-27.320926666259766,-3.4151158332824707
orb-v3,wbm-5-22417,Pt2 Yb6,8,-27.321552276611328,False,-27.321552276611328,-3.415194034576416
orb-v3,wbm-5-22418,Bi2 Re1 Yb6,9,-32.35248565673828,False,-32.35248565673828,-3.594720628526476
orb-v3,wbm-5-22419,Au4 Yb4,8,-26.863262176513672,False,-26.863262176513672,-3.357907772064209
orb-v3,wbm-5-22420,Bi2 Np2 Yb2,6,-38.420684814453125,False,-38.420684814453125,-6.4034474690755205
orb-v3,wbm-5-22421,Bi2 Th2 Yb2,6,-29.022296905517578,False,-29.022296905517578,-4.83704948425293
orb-v3,wbm-5-22422,Bi2 U2 Yb2,6,-35.081321716308594,False,-35.081321716308594,-5.846886952718099
orb-v3,wbm-5-22423,Hf1 Pt2 Yb1,4,-27.642732620239258,False,-27.642732620239258,-6.9106831550598145
orb-v3,wbm-5-22424,Bi1 Hg2 Yb1,4,-7.733053207397461,False,-7.733053207397461,-1.9332633018493652
orb-v3,wbm-5-22425,Hg4 Yb2,6,-7.224876403808594,False,-7.224876403808594,-1.2041460673014324
orb-v3,wbm-5-22426,Hg4 Yb2,6,-7.225126266479492,False,-7.225126266479492,-1.2041877110799153
orb-v3,wbm-5-22427,Hg1 Pb2 Yb1,4,-10.044198989868164,False,-10.044198989868164,-2.511049747467041
orb-v3,wbm-5-22428,Au3 Ir2 Yb1,6,-29.137575149536133,False,-29.137575149536133,-4.8562625249226885
orb-v3,wbm-5-22429,Ir2 Pu1 Yb1,4,-35.26541519165039,False,-35.26541519165039,-8.816353797912598
orb-v3,wbm-5-22430,Ir4 Yb4,8,-43.03518295288086,False,-43.03518295288086,-5.379397869110107
orb-v3,wbm-5-22431,Bi2 Lu2 Yb2,6,-23.559505462646484,False,-23.559505462646484,-3.926584243774414
orb-v3,wbm-5-22432,Lu1 Pb2 Yb1,4,-15.124528884887695,False,-15.124528884887695,-3.781132221221924
orb-v3,wbm-5-22433,Os2 Pu1 Yb1,4,-37.499839782714844,False,-37.499839782714844,-9.374959945678711
orb-v3,wbm-5-22434,Os2 Yb2,4,-25.08047103881836,False,-25.08047103881836,-6.27011775970459
orb-v3,wbm-5-22435,Ac1 Pb2 Yb1,4,-15.009833335876465,False,-15.009833335876465,-3.752458333969116
orb-v3,wbm-5-22436,Bi2 Pb2 Yb1,5,-18.160682678222656,False,-18.160682678222656,-3.6321365356445314
orb-v3,wbm-5-22437,Bi1 Pb2 Yb1,4,-13.682767868041992,False,-13.682767868041992,-3.420691967010498
orb-v3,wbm-5-22438,Pb2 Pu1 Yb1,4,-24.354503631591797,False,-24.354503631591797,-6.088625907897949
orb-v3,wbm-5-22439,Pb2 Th1 Yb1,4,-17.65188980102539,False,-17.65188980102539,-4.412972450256348
orb-v3,wbm-5-22440,Pb2 U1 Yb1,4,-20.163328170776367,False,-20.163328170776367,-5.040832042694092
orb-v3,wbm-5-22441,Pb4 Yb2,6,-20.30887794494629,False,-20.30887794494629,-3.3848129908243814
orb-v3,wbm-5-22442,Pb3 Yb1,4,-13.47452163696289,False,-13.47452163696289,-3.3686304092407227
orb-v3,wbm-5-22443,Pb2 Yb2,4,-12.624210357666016,False,-12.624210357666016,-3.156052589416504
orb-v3,wbm-5-22444,Au3 Pt2 Yb1,6,-26.282575607299805,False,-26.282575607299805,-4.380429267883301
orb-v3,wbm-5-22445,Au1 Pt2 Yb1,4,-20.042980194091797,False,-20.042980194091797,-5.010745048522949
orb-v3,wbm-5-22446,Np1 Pt2 Yb1,4,-29.55341911315918,False,-29.55341911315918,-7.388354778289795
orb-v3,wbm-5-22447,Hg1 Pt4 Yb1,6,-29.82169532775879,False,-29.82169532775879,-4.970282554626465
orb-v3,wbm-5-22448,Pt5 Yb1,6,-34.72532653808594,False,-34.72532653808594,-5.787554423014323
orb-v3,wbm-5-22449,Pt2 Yb2,4,-19.406715393066406,False,-19.406715393066406,-4.851678848266602
orb-v3,wbm-5-22450,Pt2 Yb2,4,-19.530357360839844,False,-19.530357360839844,-4.882589340209961
orb-v3,wbm-5-22451,Pt4 Yb4,8,-36.97967529296875,False,-36.97967529296875,-4.622459411621094
orb-v3,wbm-5-22452,Pt4 Yb4,8,-39.05656814575195,False,-39.05656814575195,-4.882071018218994
orb-v3,wbm-5-22453,Pb2 Ta1 Yb1,4,-19.601484298706055,False,-19.601484298706055,-4.900371074676514
orb-v3,wbm-5-22454,Pt2 Ta1 Yb1,4,-27.750993728637695,False,-27.750993728637695,-6.937748432159424
orb-v3,wbm-5-22455,Tl4 Yb2,6,-14.404437065124512,False,-14.404437065124512,-2.4007395108540854
orb-v3,wbm-5-22456,Tl4 Yb2,6,-14.404186248779297,False,-14.404186248779297,-2.400697708129883
orb-v3,wbm-5-22457,Pb2 Tl1 Yb1,4,-12.05643081665039,False,-12.05643081665039,-3.0141077041625977
orb-v3,wbm-5-22458,Tl1 Yb1,2,-4.869616985321045,False,-4.869616985321045,-2.4348084926605225
orb-v3,wbm-5-22459,Tl2 Yb2,4,-9.738637924194336,False,-9.738637924194336,-2.434659481048584
orb-v3,wbm-5-22460,Ag2 Ba2 Zn4,8,-16.083026885986328,False,-16.083026885986328,-2.010378360748291
orb-v3,wbm-5-22461,Ag2 Tb2 Zn4,8,-22.5394344329834,False,-22.5394344329834,-2.817429304122925
orb-v3,wbm-5-22462,Ag2 Yb2 Zn4,8,-16.437034606933594,False,-16.437034606933594,-2.054629325866699
orb-v3,wbm-5-22463,As2 Cd1 Zn2,5,-13.23635196685791,False,-13.23635196685791,-2.647270393371582
orb-v3,wbm-5-22464,Ac1 As1 Zn2,4,-13.16573715209961,False,-13.16573715209961,-3.2914342880249023
orb-v3,wbm-5-22465,Ag1 As1 Zn2,4,-9.58464241027832,False,-9.58464241027832,-2.39616060256958
orb-v3,wbm-5-22466,As1 Ba1 Zn2,4,-10.530678749084473,False,-10.530678749084473,-2.632669687271118
orb-v3,wbm-5-22467,As1 Bi1 Zn2,4,-10.745750427246094,False,-10.745750427246094,-2.6864376068115234
orb-v3,wbm-5-22468,As1 Ce1 Zn2,4,-14.89667797088623,False,-14.89667797088623,-3.7241694927215576
orb-v3,wbm-5-22469,As1 Ce1 Zn2,4,-14.853020668029785,False,-14.853020668029785,-3.7132551670074463
orb-v3,wbm-5-22470,As1 Dy1 Zn2,4,-13.756784439086914,False,-13.756784439086914,-3.4391961097717285
orb-v3,wbm-5-22471,As1 Dy1 Zn2,4,-13.652713775634766,False,-13.652713775634766,-3.4131784439086914
orb-v3,wbm-5-22472,As1 Er1 Zn2,4,-13.674880981445312,False,-13.674880981445312,-3.418720245361328
orb-v3,wbm-5-22473,As1 Er1 Zn2,4,-13.59895133972168,False,-13.59895133972168,-3.39973783493042
orb-v3,wbm-5-22474,As1 Hg1 Zn2,4,-6.889619827270508,False,-6.889619827270508,-1.722404956817627
orb-v3,wbm-5-22475,As1 Ho1 Zn2,4,-13.710142135620117,False,-13.710142135620117,-3.4275355339050293
orb-v3,wbm-5-22476,As1 Ho1 Zn2,4,-13.622596740722656,False,-13.622596740722656,-3.405649185180664
orb-v3,wbm-5-22477,As1 In1 Zn2,4,-9.608949661254883,False,-9.608949661254883,-2.4022374153137207
orb-v3,wbm-5-22478,As1 La1 Zn2,4,-14.213428497314453,False,-14.213428497314453,-3.5533571243286133
orb-v3,wbm-5-22479,As1 La1 Zn2,4,-13.932295799255371,False,-13.932295799255371,-3.4830739498138428
orb-v3,wbm-5-22480,As1 Lu1 Zn2,4,-13.538954734802246,False,-13.538954734802246,-3.3847386837005615
orb-v3,wbm-5-22481,As1 Lu1 Zn2,4,-13.492233276367188,False,-13.492233276367188,-3.373058319091797
orb-v3,wbm-5-22482,As1 Nb1 Zn2,4,-17.693628311157227,False,-17.693628311157227,-4.423407077789307
orb-v3,wbm-5-22483,As1 Nd1 Zn2,4,-13.935171127319336,False,-13.935171127319336,-3.483792781829834
orb-v3,wbm-5-22484,As1 Nd1 Zn2,4,-13.677168846130371,False,-13.677168846130371,-3.4192922115325928
orb-v3,wbm-5-22485,As1 Np1 Zn2,4,-20.47826385498047,False,-20.47826385498047,-5.119565963745117
orb-v3,wbm-5-22486,As1 Pb1 Zn2,4,-10.561006546020508,False,-10.561006546020508,-2.640251636505127
orb-v3,wbm-5-22487,As1 Pd1 Zn2,4,-13.050248146057129,False,-13.050248146057129,-3.2625620365142822
orb-v3,wbm-5-22488,As1 Pm1 Zn2,4,-13.933165550231934,False,-13.933165550231934,-3.4832913875579834
orb-v3,wbm-5-22489,As1 Pm1 Zn2,4,-13.71294116973877,False,-13.71294116973877,-3.4282352924346924
orb-v3,wbm-5-22490,As1 Pm1 Zn2,4,-13.230827331542969,False,-13.230827331542969,-3.307706832885742
orb-v3,wbm-5-22491,As1 Pr1 Zn2,4,-13.93306827545166,False,-13.93306827545166,-3.483267068862915
orb-v3,wbm-5-22492,As1 Pr1 Zn2,4,-13.662679672241211,False,-13.662679672241211,-3.4156699180603027
orb-v3,wbm-5-22493,As1 Pu1 Zn2,4,-22.661970138549805,False,-22.661970138549805,-5.665492534637451
orb-v3,wbm-5-22494,As1 Pu1 Zn2,4,-22.628944396972656,False,-22.628944396972656,-5.657236099243164
orb-v3,wbm-5-22495,As1 Rh1 Zn2,4,-15.114616394042969,False,-15.114616394042969,-3.778654098510742
orb-v3,wbm-5-22496,As1 Se1 Zn2,4,-11.22334098815918,False,-11.22334098815918,-2.805835247039795
orb-v3,wbm-5-22497,As1 Sm1 Zn2,4,-13.896771430969238,False,-13.896771430969238,-3.4741928577423096
orb-v3,wbm-5-22498,As1 Sm1 Zn2,4,-13.698382377624512,False,-13.698382377624512,-3.424595594406128
orb-v3,wbm-5-22499,As1 Sr1 Zn2,4,-10.341596603393555,False,-10.341596603393555,-2.5853991508483887
orb-v3,wbm-5-22500,As1 Tb1 Zn2,4,-13.802281379699707,False,-13.802281379699707,-3.4505703449249268
orb-v3,wbm-5-22501,As1 Tb1 Zn2,4,-13.680327415466309,False,-13.680327415466309,-3.420081853866577
orb-v3,wbm-5-22502,As1 Tl1 Zn2,4,-9.171276092529297,False,-9.171276092529297,-2.292819023132324
orb-v3,wbm-5-22503,As1 Tm1 Zn2,4,-13.55445671081543,False,-13.55445671081543,-3.3886141777038574
orb-v3,wbm-5-22504,As1 Tm1 Zn2,4,-13.490612983703613,False,-13.490612983703613,-3.3726532459259033
orb-v3,wbm-5-22505,As1 U1 Zn2,4,-18.908239364624023,False,-18.908239364624023,-4.727059841156006
orb-v3,wbm-5-22506,As1 Yb1 Zn2,4,-10.401727676391602,False,-10.401727676391602,-2.6004319190979004
orb-v3,wbm-5-22507,As1 Yb1 Zn2,4,-10.19283390045166,False,-10.19283390045166,-2.548208475112915
orb-v3,wbm-5-22508,As1 Y1 Zn2,4,-15.648046493530273,False,-15.648046493530273,-3.9120116233825684
orb-v3,wbm-5-22509,As1 Y1 Zn2,4,-15.538924217224121,False,-15.538924217224121,-3.8847310543060303
orb-v3,wbm-5-22510,As1 Zn2 Zr1,4,-17.291160583496094,False,-17.291160583496094,-4.322790145874023
orb-v3,wbm-5-22511,Au3 Ba1 Zn2,6,-16.988388061523438,False,-16.988388061523438,-2.8313980102539062
orb-v3,wbm-5-22512,Au2 Ba2 Zn4,8,-18.596115112304688,False,-18.596115112304688,-2.324514389038086
orb-v3,wbm-5-22513,Au2 Ba2 Zn4,8,-18.59613037109375,False,-18.59613037109375,-2.3245162963867188
orb-v3,wbm-5-22514,Ba1 Ir3 Zn2,6,-32.0822868347168,False,-32.0822868347168,-5.347047805786133
orb-v3,wbm-5-22515,Ba2 Ir2 Zn4,8,-28.832138061523438,False,-28.832138061523438,-3.6040172576904297
orb-v3,wbm-5-22516,Ba2 Ir2 Zn4,8,-28.8321533203125,False,-28.8321533203125,-3.6040191650390625
orb-v3,wbm-5-22517,Ba2 Os2 Zn4,8,-30.053699493408203,False,-30.053699493408203,-3.7567124366760254
orb-v3,wbm-5-22518,Ba1 Pt3 Zn2,6,-26.830820083618164,False,-26.830820083618164,-4.471803347269694
orb-v3,wbm-5-22519,Ba2 Pt2 Zn4,8,-25.354223251342773,False,-25.354223251342773,-3.1692779064178467
orb-v3,wbm-5-22520,Ac1 Bi1 Zn2,4,-11.653387069702148,False,-11.653387069702148,-2.913346767425537
orb-v3,wbm-5-22521,Cd1 Ce3 Zn2,6,-22.20002555847168,False,-22.20002555847168,-3.70000425974528
orb-v3,wbm-5-22522,Cd1 Dy3 Zn2,6,-19.276195526123047,False,-19.276195526123047,-3.2126992543538413
orb-v3,wbm-5-22523,Cd1 Er3 Zn2,6,-19.175857543945312,False,-19.175857543945312,-3.1959762573242188
orb-v3,wbm-5-22524,Cd1 Hf3 Zn2,6,-33.915855407714844,False,-33.915855407714844,-5.652642567952474
orb-v3,wbm-5-22525,Cd1 Ho3 Zn2,6,-19.211708068847656,False,-19.211708068847656,-3.201951344807943
orb-v3,wbm-5-22526,Cd1 In3 Zn2,6,-11.011711120605469,False,-11.011711120605469,-1.8352851867675781
orb-v3,wbm-5-22527,Cd1 La3 Zn2,6,-20.168224334716797,False,-20.168224334716797,-3.3613707224527993
orb-v3,wbm-5-22528,Cd1 Lu3 Zn2,6,-19.019939422607422,False,-19.019939422607422,-3.169989903767904
orb-v3,wbm-5-22529,Cd1 Nd3 Zn2,6,-19.641834259033203,False,-19.641834259033203,-3.2736390431722007
orb-v3,wbm-5-22530,Cd1 Np3 Zn2,6,-40.94303512573242,False,-40.94303512573242,-6.82383918762207
orb-v3,wbm-5-22531,Cd1 Pr3 Zn2,6,-19.649168014526367,False,-19.649168014526367,-3.2748613357543945
orb-v3,wbm-5-22532,Cd1 Sm3 Zn2,6,-19.536823272705078,False,-19.536823272705078,-3.256137212117513
orb-v3,wbm-5-22533,Cd1 Tb3 Zn2,6,-19.350149154663086,False,-19.350149154663086,-3.225024859110514
orb-v3,wbm-5-22534,Cd1 Th3 Zn2,6,-26.50708770751953,False,-26.50708770751953,-4.417847951253255
orb-v3,wbm-5-22535,Cd1 Tm3 Zn2,6,-18.90239143371582,False,-18.90239143371582,-3.15039857228597
orb-v3,wbm-5-22536,Cd1 U3 Zn2,6,-35.10670852661133,False,-35.10670852661133,-5.851118087768555
orb-v3,wbm-5-22537,Cd1 Yb3 Zn2,6,-10.126885414123535,False,-10.126885414123535,-1.6878142356872559
orb-v3,wbm-5-22538,Ce2 Pb1 Zn2,5,-19.477996826171875,False,-19.477996826171875,-3.895599365234375
orb-v3,wbm-5-22539,Ce3 Hg1 Zn2,6,-21.906352996826172,False,-21.906352996826172,-3.651058832804362
orb-v3,wbm-5-22540,Ce2 Ir2 Zn4,8,-38.63210678100586,False,-38.63210678100586,-4.829013347625732
orb-v3,wbm-5-22541,Ce2 Os2 Zn4,8,-41.25676345825195,False,-41.25676345825195,-5.157095432281494
orb-v3,wbm-5-22542,Dy3 Hg1 Zn2,6,-18.980499267578125,False,-18.980499267578125,-3.163416544596354
orb-v3,wbm-5-22543,Er2 Pb1 Zn2,5,-17.335840225219727,False,-17.335840225219727,-3.4671680450439455
orb-v3,wbm-5-22544,Er3 Hg1 Zn2,6,-18.88679313659668,False,-18.88679313659668,-3.1477988560994468
orb-v3,wbm-5-22545,Ga3 Pa3 Zn2,8,-41.195858001708984,False,-41.195858001708984,-5.149482250213623
orb-v3,wbm-5-22546,Ac1 Ga1 Zn2,4,-10.926387786865234,False,-10.926387786865234,-2.7315969467163086
orb-v3,wbm-5-22547,Ga2 Hf2 Zn4,8,-31.369348526000977,False,-31.369348526000977,-3.921168565750122
orb-v3,wbm-5-22548,Ga2 Ir2 Zn4,8,-31.23684310913086,False,-31.23684310913086,-3.9046053886413574
orb-v3,wbm-5-22549,Ga2 Nb2 Zn4,8,-29.848709106445312,False,-29.848709106445312,-3.731088638305664
orb-v3,wbm-5-22550,Ga1 Pa2 Zn2,5,-25.277843475341797,False,-25.277843475341797,-5.055568695068359
orb-v3,wbm-5-22551,Ga1 Pa1 Zn2,4,-15.265318870544434,False,-15.265318870544434,-3.8163297176361084
orb-v3,wbm-5-22552,Ga1 Pr1 Zn2,4,-11.677849769592285,False,-11.677849769592285,-2.9194624423980713
orb-v3,wbm-5-22553,Ga2 Pt2 Zn4,8,-26.654380798339844,False,-26.654380798339844,-3.3317975997924805
orb-v3,wbm-5-22554,Ga1 Pu2 Zn2,5,-34.347503662109375,False,-34.347503662109375,-6.869500732421875
orb-v3,wbm-5-22555,Ga2 Pu2 Zn4,8,-41.190704345703125,False,-41.190704345703125,-5.148838043212891
orb-v3,wbm-5-22556,Ga2 Rh2 Zn4,8,-28.72296905517578,False,-28.72296905517578,-3.5903711318969727
orb-v3,wbm-5-22557,Ga2 Ta2 Zn4,8,-32.24406433105469,False,-32.24406433105469,-4.030508041381836
orb-v3,wbm-5-22558,Ga1 Tb2 Zn2,5,-16.806663513183594,False,-16.806663513183594,-3.3613327026367186
orb-v3,wbm-5-22559,Ge2 Pa1 Zn2,5,-22.28803253173828,False,-22.28803253173828,-4.457606506347656
orb-v3,wbm-5-22560,Ge1 Ru3 Zn2,6,-33.6307258605957,False,-33.6307258605957,-5.60512097676595
orb-v3,wbm-5-22561,Hf3 Hg1 Zn2,6,-33.41585159301758,False,-33.41585159301758,-5.569308598836263
orb-v3,wbm-5-22562,Hf2 Ir2 Zn4,8,-46.631832122802734,False,-46.631832122802734,-5.828979015350342
orb-v3,wbm-5-22563,Hf1 Pt1 Zn2,4,-20.492876052856445,False,-20.492876052856445,-5.123219013214111
orb-v3,wbm-5-22564,Hg1 Th3 Zn2,6,-26.168977737426758,False,-26.168977737426758,-4.361496289571126
orb-v3,wbm-5-22565,Hg1 U3 Zn2,6,-34.7924690246582,False,-34.7924690246582,-5.798744837443034
orb-v3,wbm-5-22566,Hg1 Ho3 Zn2,6,-18.919151306152344,False,-18.919151306152344,-3.153191884358724
orb-v3,wbm-5-22567,Hg1 In3 Zn2,6,-10.518312454223633,False,-10.518312454223633,-1.7530520757039387
orb-v3,wbm-5-22568,In2 Ir2 Zn4,8,-29.051429748535156,False,-29.051429748535156,-3.6314287185668945
orb-v3,wbm-5-22569,In2 Pt2 Zn4,8,-24.86928367614746,False,-24.86928367614746,-3.1086604595184326
orb-v3,wbm-5-22570,Au1 Ir1 Zn2,4,-15.337353706359863,False,-15.337353706359863,-3.834338426589966
orb-v3,wbm-5-22571,Ir2 Pu2 Zn4,8,-54.16501235961914,False,-54.16501235961914,-6.770626544952393
orb-v3,wbm-5-22572,Ir2 U2 Zn4,8,-47.60660934448242,False,-47.60660934448242,-5.950826168060303
orb-v3,wbm-5-22573,Hg1 La3 Zn2,6,-19.889362335205078,False,-19.889362335205078,-3.3148937225341797
orb-v3,wbm-5-22574,Hg1 Lu3 Zn2,6,-18.74214744567871,False,-18.74214744567871,-3.1236912409464517
orb-v3,wbm-5-22575,Hg1 Nb3 Zn2,6,-32.965999603271484,False,-32.965999603271484,-5.494333267211914
orb-v3,wbm-5-22576,Nb3 Ru1 Zn2,6,-42.46614456176758,False,-42.46614456176758,-7.077690760294597
orb-v3,wbm-5-22577,Ir2 Nb2 Zn4,8,-45.13106918334961,False,-45.13106918334961,-5.641383647918701
orb-v3,wbm-5-22578,Nb2 Rh2 Zn4,8,-41.844173431396484,False,-41.844173431396484,-5.2305216789245605
orb-v3,wbm-5-22579,Nb1 Sb1 Zn2,4,-16.27385711669922,False,-16.27385711669922,-4.068464279174805
orb-v3,wbm-5-22580,Hg1 Nd3 Zn2,6,-19.329526901245117,False,-19.329526901245117,-3.221587816874186
orb-v3,wbm-5-22581,Nd2 Zn4,6,-16.699243545532227,False,-16.699243545532227,-2.7832072575887046
orb-v3,wbm-5-22582,Au1 Os1 Zn2,4,-16.20038604736328,False,-16.20038604736328,-4.05009651184082
orb-v3,wbm-5-22583,Os2 Pu2 Zn4,8,-56.43521499633789,False,-56.43521499633789,-7.054401874542236
orb-v3,wbm-5-22584,Os2 Th2 Zn4,8,-44.176570892333984,False,-44.176570892333984,-5.522071361541748
orb-v3,wbm-5-22585,Os2 U2 Zn4,8,-50.5386962890625,False,-50.5386962890625,-6.3173370361328125
orb-v3,wbm-5-22586,Pb1 Th2 Zn2,5,-22.455223083496094,False,-22.455223083496094,-4.491044616699218
orb-v3,wbm-5-22587,Ba1 Pd3 Zn2,6,-23.66916275024414,False,-23.66916275024414,-3.9448604583740234
orb-v3,wbm-5-22588,Au1 Pd1 Zn2,4,-12.517810821533203,False,-12.517810821533203,-3.129452705383301
orb-v3,wbm-5-22589,In2 Pd2 Zn4,8,-22.736223220825195,False,-22.736223220825195,-2.8420279026031494
orb-v3,wbm-5-22590,Hg1 Pr3 Zn2,6,-19.336549758911133,False,-19.336549758911133,-3.2227582931518555
orb-v3,wbm-5-22591,Pr2 Zn4,6,-16.671077728271484,False,-16.671077728271484,-2.778512954711914
orb-v3,wbm-5-22592,Au1 Pt1 Zn2,4,-13.299530982971191,False,-13.299530982971191,-3.324882745742798
orb-v3,wbm-5-22593,Pt2 Pu2 Zn4,8,-49.823726654052734,False,-49.823726654052734,-6.227965831756592
orb-v3,wbm-5-22594,Pt3 Zn6,9,-29.566848754882812,False,-29.566848754882812,-3.2852054172092013
orb-v3,wbm-5-22595,Ag1 Rh1 Zn2,4,-13.652838706970215,False,-13.652838706970215,-3.4132096767425537
orb-v3,wbm-5-22596,Ba2 Rh2 Zn4,8,-26.418991088867188,False,-26.418991088867188,-3.3023738861083984
orb-v3,wbm-5-22597,Ba2 Rh2 Zn4,8,-26.418806076049805,False,-26.418806076049805,-3.3023507595062256
orb-v3,wbm-5-22598,Hf2 Rh2 Zn4,8,-43.54689025878906,False,-43.54689025878906,-5.443361282348633
orb-v3,wbm-5-22599,Hf1 Rh1 Zn2,4,-21.452234268188477,False,-21.452234268188477,-5.363058567047119
orb-v3,wbm-5-22600,In2 Rh2 Zn4,8,-27.031843185424805,False,-27.031843185424805,-3.3789803981781006
orb-v3,wbm-5-22601,In2 Rh2 Zn4,8,-26.87340545654297,False,-26.87340545654297,-3.359175682067871
orb-v3,wbm-5-22602,Np2 Rh2 Zn4,8,-47.469058990478516,False,-47.469058990478516,-5.9336323738098145
orb-v3,wbm-5-22603,Pd1 Rh1 Zn2,4,-17.117387771606445,False,-17.117387771606445,-4.279346942901611
orb-v3,wbm-5-22604,Pt1 Rh1 Zn2,4,-18.02176856994629,False,-18.02176856994629,-4.505442142486572
orb-v3,wbm-5-22605,Rh2 Ta2 Zn4,8,-45.13423156738281,False,-45.13423156738281,-5.641778945922852
orb-v3,wbm-5-22606,Rh1 U1 Zn2,4,-21.549190521240234,False,-21.549190521240234,-5.387297630310059
orb-v3,wbm-5-22607,Rh2 Zn4,6,-21.68579864501953,False,-21.68579864501953,-3.614299774169922
orb-v3,wbm-5-22608,Ba1 Ru3 Zn2,6,-31.008651733398438,False,-31.008651733398438,-5.168108622233073
orb-v3,wbm-5-22609,Au1 Ru1 Zn2,4,-15.390527725219727,False,-15.390527725219727,-3.8476319313049316
orb-v3,wbm-5-22610,Ba2 Ru2 Zn4,8,-27.691076278686523,False,-27.691076278686523,-3.4613845348358154
orb-v3,wbm-5-22611,Ba2 Ru2 Zn4,8,-27.690547943115234,False,-27.690547943115234,-3.4613184928894043
orb-v3,wbm-5-22612,Ce3 Ru1 Zn2,6,-30.966995239257812,False,-30.966995239257812,-5.161165873209636
orb-v3,wbm-5-22613,Ce2 Ru2 Zn4,8,-38.66543197631836,False,-38.66543197631836,-4.833178997039795
orb-v3,wbm-5-22614,Dy3 Ru1 Zn2,6,-27.923738479614258,False,-27.923738479614258,-4.653956413269043
orb-v3,wbm-5-22615,Dy2 Ru2 Zn4,8,-35.214107513427734,False,-35.214107513427734,-4.401763439178467
orb-v3,wbm-5-22616,Er3 Ru1 Zn2,6,-27.990888595581055,False,-27.990888595581055,-4.665148099263509
orb-v3,wbm-5-22617,Er2 Ru2 Zn4,8,-35.15933609008789,False,-35.15933609008789,-4.394917011260986
orb-v3,wbm-5-22618,Hf3 Ru1 Zn2,6,-44.01388931274414,False,-44.01388931274414,-7.33564821879069
orb-v3,wbm-5-22619,Hf2 Ru2 Zn4,8,-46.12479782104492,False,-46.12479782104492,-5.765599727630615
orb-v3,wbm-5-22620,Ho3 Ru1 Zn2,6,-27.942655563354492,False,-27.942655563354492,-4.657109260559082
orb-v3,wbm-5-22621,Ho2 Ru2 Zn4,8,-35.174598693847656,False,-35.174598693847656,-4.396824836730957
orb-v3,wbm-5-22622,In3 Ru1 Zn2,6,-19.3098087310791,False,-19.3098087310791,-3.21830145517985
orb-v3,wbm-5-22623,La3 Ru1 Zn2,6,-28.123294830322266,False,-28.123294830322266,-4.687215805053711
orb-v3,wbm-5-22624,Lu3 Ru1 Zn2,6,-28.0755558013916,False,-28.0755558013916,-4.679259300231934
orb-v3,wbm-5-22625,Lu2 Ru2 Zn4,8,-35.071632385253906,False,-35.071632385253906,-4.383954048156738
orb-v3,wbm-5-22626,Nd3 Ru1 Zn2,6,-27.644102096557617,False,-27.644102096557617,-4.6073503494262695
orb-v3,wbm-5-22627,Nd2 Ru2 Zn4,8,-35.22548294067383,False,-35.22548294067383,-4.4031853675842285
orb-v3,wbm-5-22628,Np2 Ru2 Zn4,8,-50.257102966308594,False,-50.257102966308594,-6.282137870788574
orb-v3,wbm-5-22629,Pr3 Ru1 Zn2,6,-27.52362060546875,False,-27.52362060546875,-4.587270100911458
orb-v3,wbm-5-22630,Pr2 Ru2 Zn4,8,-35.15685272216797,False,-35.15685272216797,-4.394606590270996
orb-v3,wbm-5-22631,Pu3 Ru1 Zn2,6,-55.055419921875,False,-55.055419921875,-9.1759033203125
orb-v3,wbm-5-22632,Pu2 Ru2 Zn4,8,-52.14431381225586,False,-52.14431381225586,-6.518039226531982
orb-v3,wbm-5-22633,Ru1 Sm3 Zn2,6,-27.766555786132812,False,-27.766555786132812,-4.627759297688802
orb-v3,wbm-5-22634,Ru2 Sm2 Zn4,8,-35.26017761230469,False,-35.26017761230469,-4.407522201538086
orb-v3,wbm-5-22635,Ru2 Sn2 Zn4,8,-31.648876190185547,False,-31.648876190185547,-3.9561095237731934
orb-v3,wbm-5-22636,Ru1 Tb3 Zn2,6,-27.91031837463379,False,-27.91031837463379,-4.651719729105632
orb-v3,wbm-5-22637,Ru2 Tb2 Zn4,8,-35.25168991088867,False,-35.25168991088867,-4.406461238861084
orb-v3,wbm-5-22638,Ru1 Th3 Zn2,6,-35.48077392578125,False,-35.48077392578125,-5.913462320963542
orb-v3,wbm-5-22639,Ru2 Th2 Zn4,8,-41.53319549560547,False,-41.53319549560547,-5.191649436950684
orb-v3,wbm-5-22640,Ru1 Tm3 Zn2,6,-27.812257766723633,False,-27.812257766723633,-4.6353762944539385
orb-v3,wbm-5-22641,Ru2 Tm2 Zn4,8,-34.985015869140625,False,-34.985015869140625,-4.373126983642578
orb-v3,wbm-5-22642,Ru1 U3 Zn2,6,-44.586978912353516,False,-44.586978912353516,-7.431163152058919
orb-v3,wbm-5-22643,Ru2 U2 Zn4,8,-47.669921875,False,-47.669921875,-5.958740234375
orb-v3,wbm-5-22644,Ru1 Yb3 Zn2,6,-17.63155174255371,False,-17.63155174255371,-2.938591957092285
orb-v3,wbm-5-22645,Ru2 Yb2 Zn4,8,-28.293569564819336,False,-28.293569564819336,-3.536696195602417
orb-v3,wbm-5-22646,Ac1 Sb1 Zn2,4,-12.16618537902832,False,-12.16618537902832,-3.04154634475708
orb-v3,wbm-5-22647,Bi1 Sb1 Zn2,4,-10.0095853805542,False,-10.0095853805542,-2.50239634513855
orb-v3,wbm-5-22648,Ce1 Sb1 Zn2,4,-13.839962005615234,False,-13.839962005615234,-3.4599905014038086
orb-v3,wbm-5-22649,Dy1 Sb1 Zn2,4,-12.158855438232422,False,-12.158855438232422,-3.0397138595581055
orb-v3,wbm-5-22650,Er1 Sb1 Zn2,4,-11.99581241607666,False,-11.99581241607666,-2.998953104019165
orb-v3,wbm-5-22651,Ho1 Sb1 Zn2,4,-12.070865631103516,False,-12.070865631103516,-3.017716407775879
orb-v3,wbm-5-22652,La1 Sb1 Zn2,4,-13.073741912841797,False,-13.073741912841797,-3.268435478210449
orb-v3,wbm-5-22653,Lu1 Sb1 Zn2,4,-11.761898040771484,False,-11.761898040771484,-2.940474510192871
orb-v3,wbm-5-22654,Nd1 Sb1 Zn2,4,-12.644458770751953,False,-12.644458770751953,-3.1611146926879883
orb-v3,wbm-5-22655,Np1 Sb1 Zn2,4,-19.379562377929688,False,-19.379562377929688,-4.844890594482422
orb-v3,wbm-5-22656,Pm1 Sb1 Zn2,4,-12.840229988098145,False,-12.840229988098145,-3.210057497024536
orb-v3,wbm-5-22657,Pm1 Sb1 Zn2,4,-12.579489707946777,False,-12.579489707946777,-3.1448724269866943
orb-v3,wbm-5-22658,Pr1 Sb1 Zn2,4,-12.703143119812012,False,-12.703143119812012,-3.175785779953003
orb-v3,wbm-5-22659,Pu1 Sb1 Zn2,4,-21.67078971862793,False,-21.67078971862793,-5.417697429656982
orb-v3,wbm-5-22660,Sb1 Sm1 Zn2,4,-12.495525360107422,False,-12.495525360107422,-3.1238813400268555
orb-v3,wbm-5-22661,Sb1 Ta1 Zn2,4,-17.636783599853516,False,-17.636783599853516,-4.409195899963379
orb-v3,wbm-5-22662,Sb1 Tb1 Zn2,4,-12.247490882873535,False,-12.247490882873535,-3.061872720718384
orb-v3,wbm-5-22663,Sb1 Tm1 Zn2,4,-11.832883834838867,False,-11.832883834838867,-2.958220958709717
orb-v3,wbm-5-22664,Sb1 U1 Zn2,4,-17.621862411499023,False,-17.621862411499023,-4.405465602874756
orb-v3,wbm-5-22665,Sb1 Yb1 Zn2,4,-9.18007755279541,False,-9.18007755279541,-2.2950193881988525
orb-v3,wbm-5-22666,Sb1 Se1 Zn2,4,-10.704257011413574,False,-10.704257011413574,-2.6760642528533936
orb-v3,wbm-5-22667,Hg1 Sm3 Zn2,6,-19.22772216796875,False,-19.22772216796875,-3.204620361328125
orb-v3,wbm-5-22668,Sm2 Zn4,6,-16.68170928955078,False,-16.68170928955078,-2.780284881591797
orb-v3,wbm-5-22669,Pa3 Sn3 Zn2,8,-43.74847412109375,False,-43.74847412109375,-5.468559265136719
orb-v3,wbm-5-22670,Er2 Sn2 Zn4,8,-24.418804168701172,False,-24.418804168701172,-3.0523505210876465
orb-v3,wbm-5-22671,Pa2 Sn1 Zn2,5,-26.07784652709961,False,-26.07784652709961,-5.215569305419922
orb-v3,wbm-5-22672,Cd1 Sr3 Zn2,6,-9.872373580932617,False,-9.872373580932617,-1.6453955968221028
orb-v3,wbm-5-22673,Ir2 Sr2 Zn4,8,-28.67420196533203,False,-28.67420196533203,-3.584275245666504
orb-v3,wbm-5-22674,Pt2 Sr2 Zn4,8,-25.161792755126953,False,-25.161792755126953,-3.145224094390869
orb-v3,wbm-5-22675,Ru2 Sr2 Zn4,8,-27.523366928100586,False,-27.523366928100586,-3.4404208660125732
orb-v3,wbm-5-22676,Sn2 Sr1 Zn2,5,-13.935691833496094,False,-13.935691833496094,-2.7871383666992187
orb-v3,wbm-5-22677,Ir2 Ta2 Zn4,8,-48.64922332763672,False,-48.64922332763672,-6.08115291595459
orb-v3,wbm-5-22678,Hg1 Tb3 Zn2,6,-19.050708770751953,False,-19.050708770751953,-3.1751181284586587
orb-v3,wbm-5-22679,Ir2 Tb2 Zn4,8,-36.37979507446289,False,-36.37979507446289,-4.547474384307861
orb-v3,wbm-5-22680,Pb1 Tm2 Zn2,5,-17.091793060302734,False,-17.091793060302734,-3.4183586120605467
orb-v3,wbm-5-22681,Hg1 Tm3 Zn2,6,-18.617830276489258,False,-18.617830276489258,-3.1029717127482095
orb-v3,wbm-5-22682,Ir2 Tm2 Zn4,8,-36.21907043457031,False,-36.21907043457031,-4.527383804321289
orb-v3,wbm-5-22683,Cd1 Y3 Zn2,6,-25.002864837646484,False,-25.002864837646484,-4.167144139607747
orb-v3,wbm-5-22684,Hg1 Y3 Zn2,6,-24.701717376708984,False,-24.701717376708984,-4.116952896118164
orb-v3,wbm-5-22685,Ru1 Y3 Zn2,6,-33.49091339111328,False,-33.49091339111328,-5.58181889851888
orb-v3,wbm-5-22686,Hg1 Yb3 Zn2,6,-9.982674598693848,False,-9.982674598693848,-1.6637790997823079
orb-v3,wbm-5-22687,Ir2 Yb2 Zn4,8,-29.407350540161133,False,-29.407350540161133,-3.6759188175201416
orb-v3,wbm-5-22688,Os2 Yb2 Zn4,8,-30.704545974731445,False,-30.704545974731445,-3.8380682468414307
orb-v3,wbm-5-22689,Ru2 Y2 Zn4,8,-38.8875732421875,False,-38.8875732421875,-4.8609466552734375
orb-v3,wbm-5-22690,Sb1 Y1 Zn2,4,-14.068958282470703,False,-14.068958282470703,-3.517239570617676
orb-v3,wbm-5-22691,Pb1 Zn2 Zr2,5,-24.177988052368164,False,-24.177988052368164,-4.8355976104736325
orb-v3,wbm-5-22692,Cd1 Zn2 Zr3,6,-30.32660675048828,False,-30.32660675048828,-5.054434458414714
orb-v3,wbm-5-22693,Hg1 Zn2 Zr3,6,-29.835046768188477,False,-29.835046768188477,-4.972507794698079
orb-v3,wbm-5-22694,Ru1 Zn2 Zr3,6,-39.779483795166016,False,-39.779483795166016,-6.629913965861003
orb-v3,wbm-5-22695,Ir2 Zn4 Zr2,8,-43.76591873168945,False,-43.76591873168945,-5.470739841461182
orb-v3,wbm-5-22696,Os2 Zn4 Zr2,8,-46.24395751953125,False,-46.24395751953125,-5.780494689941406
orb-v3,wbm-5-22697,Pd2 Zn4 Zr2,8,-36.08589172363281,False,-36.08589172363281,-4.510736465454102
orb-v3,wbm-5-22698,Rh2 Zn4 Zr2,8,-40.743412017822266,False,-40.743412017822266,-5.092926502227783
orb-v3,wbm-5-22699,Rh1 Zn2 Zr1,4,-19.99494171142578,False,-19.99494171142578,-4.998735427856445
orb-v3,wbm-5-22700,Rh2 Zn4 Zr2,8,-40.74381637573242,False,-40.74381637573242,-5.092977046966553
orb-v3,wbm-5-22701,Ru2 Zn4 Zr2,8,-42.87234878540039,False,-42.87234878540039,-5.359043598175049
orb-v3,wbm-5-22702,Ru2 Zn4 Zr2,8,-43.23197937011719,False,-43.23197937011719,-5.403997421264648
orb-v3,wbm-5-22703,Sb1 Zn2 Zr1,4,-15.973750114440918,False,-15.973750114440918,-3.9934375286102295
orb-v3,wbm-5-22704,Ag2 Ba1 Zn3,6,-12.487174987792969,False,-12.487174987792969,-2.081195831298828
orb-v3,wbm-5-22705,Ag2 Ce1 Zn3,6,-16.651918411254883,False,-16.651918411254883,-2.775319735209147
orb-v3,wbm-5-22706,Ag2 Dy1 Zn3,6,-15.620899200439453,False,-15.620899200439453,-2.603483200073242
orb-v3,wbm-5-22707,Ag2 Er1 Zn3,6,-15.508990287780762,False,-15.508990287780762,-2.584831714630127
orb-v3,wbm-5-22708,Ag2 Ho1 Zn3,6,-15.560877799987793,False,-15.560877799987793,-2.593479633331299
orb-v3,wbm-5-22709,Ag2 Lu1 Zn3,6,-15.321515083312988,False,-15.321515083312988,-2.5535858472188315
orb-v3,wbm-5-22710,Ag2 Nd1 Zn3,6,-15.889752388000488,False,-15.889752388000488,-2.648292064666748
orb-v3,wbm-5-22711,Ag2 Np1 Zn3,6,-21.903167724609375,False,-21.903167724609375,-3.6505279541015625
orb-v3,wbm-5-22712,Ag2 Pr1 Zn3,6,-15.901334762573242,False,-15.901334762573242,-2.6502224604288735
orb-v3,wbm-5-22713,Ag2 Pu1 Zn3,6,-24.208438873291016,False,-24.208438873291016,-4.034739812215169
orb-v3,wbm-5-22714,Ag2 Sm1 Zn3,6,-15.819281578063965,False,-15.819281578063965,-2.6365469296773276
orb-v3,wbm-5-22715,Ag2 Tb1 Zn3,6,-15.679543495178223,False,-15.679543495178223,-2.6132572491963706
orb-v3,wbm-5-22716,Ag2 Th1 Zn3,6,-18.1055850982666,False,-18.1055850982666,-3.017597516377767
orb-v3,wbm-5-22717,Ag2 Tm1 Zn3,6,-15.372220993041992,False,-15.372220993041992,-2.5620368321736655
orb-v3,wbm-5-22718,Ag2 U1 Zn3,6,-20.12421989440918,False,-20.12421989440918,-3.3540366490681968
orb-v3,wbm-5-22719,Ag2 Yb1 Zn3,6,-12.618947982788086,False,-12.618947982788086,-2.1031579971313477
orb-v3,wbm-5-22720,Au2 Ba1 Zn3,6,-14.585649490356445,False,-14.585649490356445,-2.430941581726074
orb-v3,wbm-5-22721,Ce2 Zn6,8,-21.789926528930664,False,-21.789926528930664,-2.723740816116333
orb-v3,wbm-5-22722,Au2 Hf1 Zn3,6,-21.536415100097656,False,-21.536415100097656,-3.589402516682943
orb-v3,wbm-5-22723,Au2 In1 Zn3,6,-13.593559265136719,False,-13.593559265136719,-2.2655932108561196
orb-v3,wbm-5-22724,Ir2 Pu1 Zn3,6,-37.59873962402344,False,-37.59873962402344,-6.266456604003906
orb-v3,wbm-5-22725,Ir5 Zn3,8,-48.10458755493164,False,-48.10458755493164,-6.013073444366455
orb-v3,wbm-5-22726,Au2 Nb1 Zn3,6,-20.051525115966797,False,-20.051525115966797,-3.341920852661133
orb-v3,wbm-5-22727,Nb1 Pd2 Zn3,6,-25.299612045288086,False,-25.299612045288086,-4.216602007548015
orb-v3,wbm-5-22728,Nd2 Zn6,8,-19.867027282714844,False,-19.867027282714844,-2.4833784103393555
orb-v3,wbm-5-22729,Np2 Zn6,8,-32.202903747558594,False,-32.202903747558594,-4.025362968444824
orb-v3,wbm-5-22730,Pa1 Zn3,4,-13.28089427947998,False,-13.28089427947998,-3.320223569869995
orb-v3,wbm-5-22731,Ba1 Pd2 Zn3,6,-18.90713882446289,False,-18.90713882446289,-3.1511898040771484
orb-v3,wbm-5-22732,Hf1 Pd2 Zn3,6,-26.793411254882812,False,-26.793411254882812,-4.465568542480469
orb-v3,wbm-5-22733,In1 Pd2 Zn3,6,-19.071001052856445,False,-19.071001052856445,-3.178500175476074
orb-v3,wbm-5-22734,Np1 Pd2 Zn3,6,-28.936809539794922,False,-28.936809539794922,-4.82280158996582
orb-v3,wbm-5-22735,Pd2 Pu1 Zn3,6,-31.075050354003906,False,-31.075050354003906,-5.179175059000651
orb-v3,wbm-5-22736,Pd2 Ta1 Zn3,6,-26.79177474975586,False,-26.79177474975586,-4.465295791625977
orb-v3,wbm-5-22737,Pr2 Zn6,8,-19.845237731933594,False,-19.845237731933594,-2.480654716491699
orb-v3,wbm-5-22738,Pt2 Pu1 Zn3,6,-33.464256286621094,False,-33.464256286621094,-5.577376047770183
orb-v3,wbm-5-22739,Pt2 Zn3,5,-18.15749740600586,False,-18.15749740600586,-3.631499481201172
orb-v3,wbm-5-22740,Pu2 Zn6,8,-37.289283752441406,False,-37.289283752441406,-4.661160469055176
orb-v3,wbm-5-22741,Sm2 Zn6,8,-19.827075958251953,False,-19.827075958251953,-2.478384494781494
orb-v3,wbm-5-22742,Ag2 Sr1 Zn3,6,-12.524415969848633,False,-12.524415969848633,-2.087402661641439
orb-v3,wbm-5-22743,Au2 Ta1 Zn3,6,-21.27342987060547,False,-21.27342987060547,-3.5455716451009116
orb-v3,wbm-5-22744,Tb2 Zn6,8,-19.69767951965332,False,-19.69767951965332,-2.462209939956665
orb-v3,wbm-5-22745,U2 Zn6,8,-29.476314544677734,False,-29.476314544677734,-3.684539318084717
orb-v3,wbm-5-22746,U1 Zn3,4,-14.465901374816895,False,-14.465901374816895,-3.6164753437042236
orb-v3,wbm-5-22747,Ag2 Y1 Zn3,6,-17.54597282409668,False,-17.54597282409668,-2.9243288040161133
orb-v3,wbm-5-22748,Yb2 Zn6,8,-13.138538360595703,False,-13.138538360595703,-1.642317295074463
orb-v3,wbm-5-22749,Ag2 Zn3 Zr1,6,-18.425329208374023,False,-18.425329208374023,-3.0708882013956704
orb-v3,wbm-5-22750,Au2 Zn3 Zr1,6,-20.544710159301758,False,-20.544710159301758,-3.4241183598836265
orb-v3,wbm-5-22751,Pd2 Zn3 Zr1,6,-25.596006393432617,False,-25.596006393432617,-4.266001065572103
orb-v3,wbm-5-22752,Cd1 Pa1 Zn4,6,-14.977289199829102,False,-14.977289199829102,-2.4962148666381836
orb-v3,wbm-5-22753,Bi3 Cs1 Zn4,8,-17.861370086669922,False,-17.861370086669922,-2.2326712608337402
orb-v3,wbm-5-22754,Hf1 In1 Zn4,6,-17.427898406982422,False,-17.427898406982422,-2.9046497344970703
orb-v3,wbm-5-22755,Cs1 Sb3 Zn4,8,-19.655712127685547,False,-19.655712127685547,-2.4569640159606934
orb-v3,wbm-5-22756,Sb1 Se3 Zn4,8,-21.322925567626953,False,-21.322925567626953,-2.665365695953369
orb-v3,wbm-5-22757,Ag1 Zn5,6,-9.238584518432617,False,-9.238584518432617,-1.5397640864054363
orb-v3,wbm-5-22758,Au1 Zn5,6,-10.188718795776367,False,-10.188718795776367,-1.6981197992960613
orb-v3,wbm-5-22759,Ir1 Zn5,6,-15.879600524902344,False,-15.879600524902344,-2.646600087483724
orb-v3,wbm-5-22760,Pa1 Zn5,6,-15.348752975463867,False,-15.348752975463867,-2.5581254959106445
orb-v3,wbm-5-22761,Pd1 Zn5,6,-12.888555526733398,False,-12.888555526733398,-2.1480925877889
orb-v3,wbm-5-22762,Pt1 Zn5,6,-13.847509384155273,False,-13.847509384155273,-2.3079182306925454
orb-v3,wbm-5-22763,Rh1 Zn5,6,-14.87723159790039,False,-14.87723159790039,-2.479538599650065
orb-v3,wbm-5-22764,Ru1 Zn5,6,-15.744691848754883,False,-15.744691848754883,-2.624115308125814
orb-v3,wbm-5-22765,Ga2 Ru1 Zn6,9,-22.64686393737793,False,-22.64686393737793,-2.5163182152642145
orb-v3,wbm-5-22766,Ag2 Ce3 Zn1,6,-25.31262969970703,False,-25.31262969970703,-4.218771616617839
orb-v3,wbm-5-22767,Ag2 Dy3 Zn1,6,-22.784210205078125,False,-22.784210205078125,-3.797368367513021
orb-v3,wbm-5-22768,Ag2 Er3 Zn1,6,-22.72640037536621,False,-22.72640037536621,-3.7877333958943686
orb-v3,wbm-5-22769,Ag2 Hf3 Zn1,6,-36.816776275634766,False,-36.816776275634766,-6.136129379272461
orb-v3,wbm-5-22770,Ag2 Ho3 Zn1,6,-22.740737915039062,False,-22.740737915039062,-3.7901229858398438
orb-v3,wbm-5-22771,Ag2 In3 Zn1,6,-14.730012893676758,False,-14.730012893676758,-2.4550021489461265
orb-v3,wbm-5-22772,Ag2 La3 Zn1,6,-23.440807342529297,False,-23.440807342529297,-3.906801223754883
orb-v3,wbm-5-22773,Ag2 Lu3 Zn1,6,-22.632274627685547,False,-22.632274627685547,-3.7720457712809243
orb-v3,wbm-5-22774,Ag2 Nd3 Zn1,6,-22.963111877441406,False,-22.963111877441406,-3.827185312906901
orb-v3,wbm-5-22775,Ag2 Pr3 Zn1,6,-22.93962860107422,False,-22.93962860107422,-3.8232714335123696
orb-v3,wbm-5-22776,Ag2 Pu3 Zn1,6,-49.60454559326172,False,-49.60454559326172,-8.26742426554362
orb-v3,wbm-5-22777,Ag2 Sm3 Zn1,6,-22.92295265197754,False,-22.92295265197754,-3.8204921086629233
orb-v3,wbm-5-22778,Ag2 Tb3 Zn1,6,-22.832971572875977,False,-22.832971572875977,-3.805495262145996
orb-v3,wbm-5-22779,Ag2 Th3 Zn1,6,-29.69508934020996,False,-29.69508934020996,-4.94918155670166
orb-v3,wbm-5-22780,Ag2 Tm3 Zn1,6,-22.480167388916016,False,-22.480167388916016,-3.746694564819336
orb-v3,wbm-5-22781,Ag2 U3 Zn1,6,-38.08281707763672,False,-38.08281707763672,-6.34713617960612
orb-v3,wbm-5-22782,Ag2 Yb3 Zn1,6,-13.884306907653809,False,-13.884306907653809,-2.3140511512756348
orb-v3,wbm-5-22783,Ag2 Bi4 Zn2,8,-22.524883270263672,False,-22.524883270263672,-2.815610408782959
orb-v3,wbm-5-22784,As4 Np2 Zn2,8,-49.97740936279297,False,-49.97740936279297,-6.247176170349121
orb-v3,wbm-5-22785,As4 Pd2 Zn2,8,-32.47932434082031,False,-32.47932434082031,-4.059915542602539
orb-v3,wbm-5-22786,As4 Rh2 Zn2,8,-36.59166717529297,False,-36.59166717529297,-4.573958396911621
orb-v3,wbm-5-22787,As4 Yb2 Zn2,8,-28.836811065673828,False,-28.836811065673828,-3.6046013832092285
orb-v3,wbm-5-22788,As4 Zn2 Zr2,8,-41.961822509765625,False,-41.961822509765625,-5.245227813720703
orb-v3,wbm-5-22789,As2 Pa2 Zn2,6,-32.88131332397461,False,-32.88131332397461,-5.480218887329102
orb-v3,wbm-5-22790,As1 U1 Zn1,3,-17.755077362060547,False,-17.755077362060547,-5.918359120686849
orb-v3,wbm-5-22791,Au2 Th1 Zn1,4,-17.522899627685547,False,-17.522899627685547,-4.380724906921387
orb-v3,wbm-5-22792,Au3 Zn1,4,-11.570211410522461,False,-11.570211410522461,-2.8925528526306152
orb-v3,wbm-5-22793,Au4 Zn1,5,-14.815261840820312,False,-14.815261840820312,-2.9630523681640626
orb-v3,wbm-5-22794,Au8 Zn1,9,-27.926116943359375,False,-27.926116943359375,-3.102901882595486
orb-v3,wbm-5-22795,Au2 Bi4 Zn2,8,-23.938337326049805,False,-23.938337326049805,-2.9922921657562256
orb-v3,wbm-5-22796,Au3 Pa3 Zn3,9,-44.724613189697266,False,-44.724613189697266,-4.969401465521918
orb-v3,wbm-5-22797,Au2 Zn2,4,-9.91378402709961,False,-9.91378402709961,-2.4784460067749023
orb-v3,wbm-5-22798,Ba2 Ir2 Zn1,5,-23.681859970092773,False,-23.681859970092773,-4.736371994018555
orb-v3,wbm-5-22799,Ba1 Ir2 Zn1,4,-21.75547981262207,False,-21.75547981262207,-5.438869953155518
orb-v3,wbm-5-22800,Ba3 Ir3 Zn3,9,-36.49021911621094,False,-36.49021911621094,-4.0544687906901045
orb-v3,wbm-5-22801,Ba1 Os2 Zn1,4,-24.91024398803711,False,-24.91024398803711,-6.227560997009277
orb-v3,wbm-5-22802,Bi1 Pa1 Zn1,3,-13.839700698852539,False,-13.839700698852539,-4.61323356628418
orb-v3,wbm-5-22803,Br2 Dy2 Zn2,6,-21.081727981567383,False,-21.081727981567383,-3.5136213302612305
orb-v3,wbm-5-22804,Br2 Er2 Zn2,6,-20.897327423095703,False,-20.897327423095703,-3.4828879038492837
orb-v3,wbm-5-22805,Br2 Ho2 Zn2,6,-20.981637954711914,False,-20.981637954711914,-3.4969396591186523
orb-v3,wbm-5-22806,Br2 La2 Zn2,6,-22.219348907470703,False,-22.219348907470703,-3.7032248179117837
orb-v3,wbm-5-22807,Br2 Nd2 Zn2,6,-21.550382614135742,False,-21.550382614135742,-3.5917304356892905
orb-v3,wbm-5-22808,Br2 Pr2 Zn2,6,-21.58270835876465,False,-21.58270835876465,-3.597118059794108
orb-v3,wbm-5-22809,Br2 Sm2 Zn2,6,-21.421642303466797,False,-21.421642303466797,-3.5702737172444663
orb-v3,wbm-5-22810,Br2 Tb2 Zn2,6,-21.18478775024414,False,-21.18478775024414,-3.5307979583740234
orb-v3,wbm-5-22811,Br2 Th2 Zn2,6,-25.898239135742188,False,-25.898239135742188,-4.316373189290364
orb-v3,wbm-5-22812,Br2 Tm2 Zn2,6,-20.640655517578125,False,-20.640655517578125,-3.4401092529296875
orb-v3,wbm-5-22813,Ba2 Cd4 Zn2,8,-11.994709014892578,False,-11.994709014892578,-1.4993386268615723
orb-v3,wbm-5-22814,Cd4 Dy2 Zn2,8,-17.58531951904297,False,-17.58531951904297,-2.198164939880371
orb-v3,wbm-5-22815,Cd4 Er2 Zn2,8,-17.371135711669922,False,-17.371135711669922,-2.1713919639587402
orb-v3,wbm-5-22816,Cd4 Eu2 Zn2,8,-28.991283416748047,False,-28.991283416748047,-3.623910427093506
orb-v3,wbm-5-22817,Cd4 Ho2 Zn2,8,-17.470714569091797,False,-17.470714569091797,-2.1838393211364746
orb-v3,wbm-5-22818,Cd4 Lu2 Zn2,8,-17.01892852783203,False,-17.01892852783203,-2.127366065979004
orb-v3,wbm-5-22819,Cd4 Nd2 Zn2,8,-18.127260208129883,False,-18.127260208129883,-2.2659075260162354
orb-v3,wbm-5-22820,Cd4 Pr2 Zn2,8,-18.158939361572266,False,-18.158939361572266,-2.269867420196533
orb-v3,wbm-5-22821,Cd2 Pt2 Zn1,5,-17.085079193115234,False,-17.085079193115234,-3.4170158386230467
orb-v3,wbm-5-22822,Cd4 Sm2 Zn2,8,-17.9835147857666,False,-17.9835147857666,-2.247939348220825
orb-v3,wbm-5-22823,Cd4 Tb2 Zn2,8,-17.700145721435547,False,-17.700145721435547,-2.2125182151794434
orb-v3,wbm-5-22824,Cd4 Th2 Zn2,8,-22.249231338500977,False,-22.249231338500977,-2.781153917312622
orb-v3,wbm-5-22825,Cd4 Tm2 Zn2,8,-17.10082244873047,False,-17.10082244873047,-2.1376028060913086
orb-v3,wbm-5-22826,Cd4 U2 Zn2,8,-26.724576950073242,False,-26.724576950073242,-3.3405721187591553
orb-v3,wbm-5-22827,Cd3 Pt3 Zn3,9,-27.745365142822266,False,-27.745365142822266,-3.082818349202474
orb-v3,wbm-5-22828,Cd2 Sn2 Zn2,6,-11.613502502441406,False,-11.613502502441406,-1.9355837504069011
orb-v3,wbm-5-22829,Ce3 Re2 Zn1,6,-43.55375671386719,False,-43.55375671386719,-7.258959452311198
orb-v3,wbm-5-22830,Ce6 Pb2 Zn1,9,-45.985931396484375,False,-45.985931396484375,-5.109547932942708
orb-v3,wbm-5-22831,Ce4 Zn4,8,-30.31179428100586,False,-30.31179428100586,-3.7889742851257324
orb-v3,wbm-5-22832,Bi2 Cs2 Zn2,6,-13.513664245605469,False,-13.513664245605469,-2.252277374267578
orb-v3,wbm-5-22833,Bi2 Cs2 Zn2,6,-13.727550506591797,False,-13.727550506591797,-2.2879250844319663
orb-v3,wbm-5-22834,Dy2 Ir2 Zn1,5,-32.14058303833008,False,-32.14058303833008,-6.4281166076660154
orb-v3,wbm-5-22835,Dy2 Os2 Zn1,5,-34.331966400146484,False,-34.331966400146484,-6.866393280029297
orb-v3,wbm-5-22836,Dy3 Re2 Zn1,6,-39.05091857910156,False,-39.05091857910156,-6.508486429850261
orb-v3,wbm-5-22837,Dy6 Pb2 Zn1,9,-39.19775390625,False,-39.19775390625,-4.355305989583333
orb-v3,wbm-5-22838,Dy6 Tl2 Zn1,9,-35.702823638916016,False,-35.702823638916016,-3.966980404324002
orb-v3,wbm-5-22839,Dy3 Hg3 Zn3,9,-21.842552185058594,False,-21.842552185058594,-2.4269502427842884
orb-v3,wbm-5-22840,Dy2 Zn2,4,-13.118621826171875,False,-13.118621826171875,-3.2796554565429688
orb-v3,wbm-5-22841,Er3 Re2 Zn1,6,-39.1983757019043,False,-39.1983757019043,-6.53306261698405
orb-v3,wbm-5-22842,Er6 Pb2 Zn1,9,-38.88336181640625,False,-38.88336181640625,-4.32037353515625
orb-v3,wbm-5-22843,Er6 Tl2 Zn1,9,-35.432533264160156,False,-35.432533264160156,-3.9369481404622397
orb-v3,wbm-5-22844,Er3 Hg3 Zn3,9,-21.677263259887695,False,-21.677263259887695,-2.408584806654188
orb-v3,wbm-5-22845,Er3 Zn3,6,-19.60371971130371,False,-19.60371971130371,-3.2672866185506186
orb-v3,wbm-5-22846,Eu2 Ir2 Zn1,5,-41.79423522949219,False,-41.79423522949219,-8.358847045898438
orb-v3,wbm-5-22847,Ga2 Ir2 Zn1,5,-26.519607543945312,False,-26.519607543945312,-5.303921508789062
orb-v3,wbm-5-22848,Ga4 Ir2 Zn2,8,-34.72416687011719,False,-34.72416687011719,-4.340520858764648
orb-v3,wbm-5-22849,Ga2 Pa6 Zn1,9,-65.01918029785156,False,-65.01918029785156,-7.224353366427952
orb-v3,wbm-5-22850,Ga4 Pa2 Zn2,8,-35.21442794799805,False,-35.21442794799805,-4.401803493499756
orb-v3,wbm-5-22851,Ga4 Pd2 Zn2,8,-27.704471588134766,False,-27.704471588134766,-3.4630589485168457
orb-v3,wbm-5-22852,Ba1 Ga3 Zn1,5,-14.262271881103516,False,-14.262271881103516,-2.8524543762207033
orb-v3,wbm-5-22853,Ce1 Ga3 Zn1,5,-18.435638427734375,False,-18.435638427734375,-3.687127685546875
orb-v3,wbm-5-22854,Dy1 Ga3 Zn1,5,-16.934200286865234,False,-16.934200286865234,-3.386840057373047
orb-v3,wbm-5-22855,Dy1 Ga3 Zn1,5,-16.931514739990234,False,-16.931514739990234,-3.386302947998047
orb-v3,wbm-5-22856,Er1 Ga3 Zn1,5,-16.737689971923828,False,-16.737689971923828,-3.3475379943847656
orb-v3,wbm-5-22857,Er1 Ga3 Zn1,5,-16.732938766479492,False,-16.732938766479492,-3.3465877532958985
orb-v3,wbm-5-22858,Ga3 Ho1 Zn1,5,-16.829877853393555,False,-16.829877853393555,-3.365975570678711
orb-v3,wbm-5-22859,Ga3 Ho1 Zn1,5,-16.827163696289062,False,-16.827163696289062,-3.3654327392578125
orb-v3,wbm-5-22860,Ga3 La1 Zn1,5,-17.88144302368164,False,-17.88144302368164,-3.576288604736328
orb-v3,wbm-5-22861,Ga3 La1 Zn1,5,-17.825435638427734,False,-17.825435638427734,-3.5650871276855467
orb-v3,wbm-5-22862,Ga3 Lu1 Zn1,5,-16.413593292236328,False,-16.413593292236328,-3.2827186584472656
orb-v3,wbm-5-22863,Ga3 Lu1 Zn1,5,-16.429183959960938,False,-16.429183959960938,-3.2858367919921876
orb-v3,wbm-5-22864,Ga3 Nd1 Zn1,5,-17.462663650512695,False,-17.462663650512695,-3.492532730102539
orb-v3,wbm-5-22865,Ga3 Nd1 Zn1,5,-17.46271324157715,False,-17.46271324157715,-3.4925426483154296
orb-v3,wbm-5-22866,Ga3 Np1 Zn1,5,-23.825021743774414,False,-23.825021743774414,-4.765004348754883
orb-v3,wbm-5-22867,Ga3 Pr1 Zn1,5,-17.520050048828125,False,-17.520050048828125,-3.504010009765625
orb-v3,wbm-5-22868,Ga3 Pr1 Zn1,5,-17.514467239379883,False,-17.514467239379883,-3.5028934478759766
orb-v3,wbm-5-22869,Ga3 Pu1 Zn1,5,-26.088926315307617,False,-26.088926315307617,-5.217785263061524
orb-v3,wbm-5-22870,Ga3 Sm1 Zn1,5,-17.31330108642578,False,-17.31330108642578,-3.462660217285156
orb-v3,wbm-5-22871,Ga3 Sm1 Zn1,5,-17.310550689697266,False,-17.310550689697266,-3.462110137939453
orb-v3,wbm-5-22872,Ga3 Sr1 Zn1,5,-14.037557601928711,False,-14.037557601928711,-2.8075115203857424
orb-v3,wbm-5-22873,Ga3 Tb1 Zn1,5,-17.0374698638916,False,-17.0374698638916,-3.4074939727783202
orb-v3,wbm-5-22874,Ga3 Tb1 Zn1,5,-17.035579681396484,False,-17.035579681396484,-3.407115936279297
orb-v3,wbm-5-22875,Ga3 Th1 Zn1,5,-19.674015045166016,False,-19.674015045166016,-3.934803009033203
orb-v3,wbm-5-22876,Ga3 Th1 Zn1,5,-19.674041748046875,False,-19.674041748046875,-3.934808349609375
orb-v3,wbm-5-22877,Ga3 Tm1 Zn1,5,-16.552505493164062,False,-16.552505493164062,-3.3105010986328125
orb-v3,wbm-5-22878,Ga3 Tm1 Zn1,5,-16.54848861694336,False,-16.54848861694336,-3.309697723388672
orb-v3,wbm-5-22879,Ga3 U1 Zn1,5,-22.100955963134766,False,-22.100955963134766,-4.4201911926269535
orb-v3,wbm-5-22880,Ga3 U1 Zn1,5,-22.1004638671875,False,-22.1004638671875,-4.4200927734375
orb-v3,wbm-5-22881,Ga3 Yb1 Zn1,5,-13.969172477722168,False,-13.969172477722168,-2.7938344955444334
orb-v3,wbm-5-22882,Ga3 Y1 Zn1,5,-18.845382690429688,False,-18.845382690429688,-3.7690765380859377
orb-v3,wbm-5-22883,Ga3 Y1 Zn1,5,-18.842166900634766,False,-18.842166900634766,-3.768433380126953
orb-v3,wbm-5-22884,Ga3 Zn1 Zr1,5,-19.711254119873047,False,-19.711254119873047,-3.9422508239746095
orb-v3,wbm-5-22885,Ga5 Ir1 Zn1,7,-25.975528717041016,False,-25.975528717041016,-3.710789816720145
orb-v3,wbm-5-22886,Ga5 Pt1 Zn1,7,-23.66705894470215,False,-23.66705894470215,-3.3810084206717357
orb-v3,wbm-5-22887,Ba2 Ga2 Zn2,6,-14.34261703491211,False,-14.34261703491211,-2.3904361724853516
orb-v3,wbm-5-22888,Ga3 Os3 Zn3,9,-45.2534065246582,False,-45.2534065246582,-5.028156280517578
orb-v3,wbm-5-22889,Ga3 Pa3 Zn3,9,-42.641082763671875,False,-42.641082763671875,-4.73789808485243
orb-v3,wbm-5-22890,Ga2 Pt4 Zn2,8,-36.473236083984375,False,-36.473236083984375,-4.559154510498047
orb-v3,wbm-5-22891,Ga3 Rh3 Zn3,9,-38.553863525390625,False,-38.553863525390625,-4.283762613932292
orb-v3,wbm-5-22892,Ga3 Ru3 Zn3,9,-41.397857666015625,False,-41.397857666015625,-4.599761962890625
orb-v3,wbm-5-22893,Ge4 Ir2 Zn2,8,-40.29808807373047,False,-40.29808807373047,-5.037261009216309
orb-v3,wbm-5-22894,Ge4 Pa2 Zn2,8,-41.29612731933594,False,-41.29612731933594,-5.162015914916992
orb-v3,wbm-5-22895,Ba2 Ge2 Zn2,6,-18.576889038085938,False,-18.576889038085938,-3.0961481730143228
orb-v3,wbm-5-22896,Ce2 Ge2 Zn2,6,-27.005399703979492,False,-27.005399703979492,-4.500899950663249
orb-v3,wbm-5-22897,Dy2 Ge2 Zn2,6,-24.762813568115234,False,-24.762813568115234,-4.127135594685872
orb-v3,wbm-5-22898,Er2 Ge2 Zn2,6,-24.507490158081055,False,-24.507490158081055,-4.084581693013509
orb-v3,wbm-5-22899,Ge2 Ho2 Zn2,6,-24.626686096191406,False,-24.626686096191406,-4.104447682698567
orb-v3,wbm-5-22900,Ge2 La2 Zn2,6,-25.773536682128906,False,-25.773536682128906,-4.295589447021484
orb-v3,wbm-5-22901,Ge2 Lu2 Zn2,6,-23.96722412109375,False,-23.96722412109375,-3.994537353515625
orb-v3,wbm-5-22902,Ge1 Nb1 Zn1,3,-14.394611358642578,False,-14.394611358642578,-4.798203786214192
orb-v3,wbm-5-22903,Ge2 Nd2 Zn2,6,-25.34402084350586,False,-25.34402084350586,-4.2240034739176435
orb-v3,wbm-5-22904,Ge2 Np2 Zn2,6,-37.63663864135742,False,-37.63663864135742,-6.272773106892903
orb-v3,wbm-5-22905,Ge2 Pa2 Zn2,6,-31.681896209716797,False,-31.681896209716797,-5.2803160349528
orb-v3,wbm-5-22906,Ge2 Pa2 Zn2,6,-32.25028610229492,False,-32.25028610229492,-5.37504768371582
orb-v3,wbm-5-22907,Ge2 Pd4 Zn2,8,-35.923091888427734,False,-35.923091888427734,-4.490386486053467
orb-v3,wbm-5-22908,Ge2 Pr2 Zn2,6,-25.367109298706055,False,-25.367109298706055,-4.227851549784343
orb-v3,wbm-5-22909,Ge3 Pu3 Zn3,9,-62.303382873535156,False,-62.303382873535156,-6.922598097059462
orb-v3,wbm-5-22910,Ge2 Sm2 Zn2,6,-24.729398727416992,False,-24.729398727416992,-4.121566454569499
orb-v3,wbm-5-22911,Ge2 Sm2 Zn2,6,-25.202205657958984,False,-25.202205657958984,-4.200367609659831
orb-v3,wbm-5-22912,Ge1 Ta1 Zn1,3,-15.525716781616211,False,-15.525716781616211,-5.175238927205403
orb-v3,wbm-5-22913,Ge2 Tb2 Zn2,6,-24.895179748535156,False,-24.895179748535156,-4.149196624755859
orb-v3,wbm-5-22914,Ge2 Tm2 Zn2,6,-24.20659637451172,False,-24.20659637451172,-4.034432729085286
orb-v3,wbm-5-22915,Ge2 U2 Zn2,6,-35.05766677856445,False,-35.05766677856445,-5.842944463094075
orb-v3,wbm-5-22916,Ge2 Zn2,4,-10.982776641845703,False,-10.982776641845703,-2.745694160461426
orb-v3,wbm-5-22917,Ge2 Y2 Zn2,6,-28.592185974121094,False,-28.592185974121094,-4.765364329020183
orb-v3,wbm-5-22918,Ge2 Zn2 Zr2,6,-31.515213012695312,False,-31.515213012695312,-5.252535502115886
orb-v3,wbm-5-22919,Hf3 Re2 Zn1,6,-58.06513977050781,False,-58.06513977050781,-9.677523295084635
orb-v3,wbm-5-22920,Hf3 W2 Zn1,6,-57.04030990600586,False,-57.04030990600586,-9.506718317667643
orb-v3,wbm-5-22921,Hf6 Pb2 Zn1,9,-55.07999801635742,False,-55.07999801635742,-6.119999779595269
orb-v3,wbm-5-22922,Hf6 Tl2 Zn1,9,-65.48789978027344,False,-65.48789978027344,-7.2764333089192705
orb-v3,wbm-5-22923,Hf1 Ir2 Zn1,4,-31.831953048706055,False,-31.831953048706055,-7.957988262176514
orb-v3,wbm-5-22924,Hf3 Ir3 Zn3,9,-66.125,False,-66.125,-7.347222222222222
orb-v3,wbm-5-22925,Ho2 Ir2 Zn1,5,-32.16411209106445,False,-32.16411209106445,-6.432822418212891
orb-v3,wbm-5-22926,Ho2 Os2 Zn1,5,-34.34928894042969,False,-34.34928894042969,-6.8698577880859375
orb-v3,wbm-5-22927,Ho3 Re2 Zn1,6,-39.10894012451172,False,-39.10894012451172,-6.51815668741862
orb-v3,wbm-5-22928,Ho6 Pb2 Zn1,9,-39.015464782714844,False,-39.015464782714844,-4.335051642523871
orb-v3,wbm-5-22929,Ho6 Tl2 Zn1,9,-35.54208755493164,False,-35.54208755493164,-3.949120839436849
orb-v3,wbm-5-22930,Hg3 Ho3 Zn3,9,-21.751678466796875,False,-21.751678466796875,-2.4168531629774304
orb-v3,wbm-5-22931,Ho2 Zn2,4,-13.083930969238281,False,-13.083930969238281,-3.2709827423095703
orb-v3,wbm-5-22932,Ce2 I2 Zn2,6,-21.969223022460938,False,-21.969223022460938,-3.6615371704101562
orb-v3,wbm-5-22933,Dy2 I2 Zn2,6,-19.749454498291016,False,-19.749454498291016,-3.2915757497151694
orb-v3,wbm-5-22934,Er2 I2 Zn2,6,-19.55289649963379,False,-19.55289649963379,-3.2588160832722983
orb-v3,wbm-5-22935,Hf2 I2 Zn2,6,-28.02549934387207,False,-28.02549934387207,-4.670916557312012
orb-v3,wbm-5-22936,Ho2 I2 Zn2,6,-19.64373016357422,False,-19.64373016357422,-3.2739550272623696
orb-v3,wbm-5-22937,I2 La2 Zn2,6,-20.88636589050293,False,-20.88636589050293,-3.4810609817504883
orb-v3,wbm-5-22938,I2 Lu2 Zn2,6,-19.222854614257812,False,-19.222854614257812,-3.2038091023763022
orb-v3,wbm-5-22939,In2 Ir2 Zn1,5,-25.403118133544922,False,-25.403118133544922,-5.080623626708984
orb-v3,wbm-5-22940,In2 Os2 Zn1,5,-27.777517318725586,False,-27.777517318725586,-5.555503463745117
orb-v3,wbm-5-22941,In2 Pt2 Zn1,5,-21.194469451904297,False,-21.194469451904297,-4.23889389038086
orb-v3,wbm-5-22942,In3 Yb1 Zn1,5,-11.926722526550293,False,-11.926722526550293,-2.3853445053100586
orb-v3,wbm-5-22943,I2 Nd2 Zn2,6,-20.25640106201172,False,-20.25640106201172,-3.3760668436686196
orb-v3,wbm-5-22944,In2 Pa2 Zn2,6,-27.17373275756836,False,-27.17373275756836,-4.528955459594727
orb-v3,wbm-5-22945,I2 Np2 Zn2,6,-32.69099426269531,False,-32.69099426269531,-5.448499043782552
orb-v3,wbm-5-22946,I2 Pr2 Zn2,6,-20.290218353271484,False,-20.290218353271484,-3.3817030588785806
orb-v3,wbm-5-22947,I2 Pu2 Zn2,6,-37.36853790283203,False,-37.36853790283203,-6.228089650472005
orb-v3,wbm-5-22948,Ir2 Pa1 Zn1,4,-30.791648864746094,False,-30.791648864746094,-7.697912216186523
orb-v3,wbm-5-22949,Ir2 Pu2 Zn1,5,-48.8654670715332,False,-48.8654670715332,-9.77309341430664
orb-v3,wbm-5-22950,Ir2 Tl2 Zn1,5,-22.79219627380371,False,-22.79219627380371,-4.558439254760742
orb-v3,wbm-5-22951,Ir2 U2 Zn1,5,-43.89950180053711,False,-43.89950180053711,-8.779900360107423
orb-v3,wbm-5-22952,Ir2 U1 Zn1,4,-31.711843490600586,False,-31.711843490600586,-7.9279608726501465
orb-v3,wbm-5-22953,Ir4 Np1 Zn1,6,-50.82996368408203,False,-50.82996368408203,-8.471660614013672
orb-v3,wbm-5-22954,Ir7 Zn1,8,-63.421295166015625,False,-63.421295166015625,-7.927661895751953
orb-v3,wbm-5-22955,Ir8 Zn1,9,-71.96333312988281,False,-71.96333312988281,-7.9959259033203125
orb-v3,wbm-5-22956,Au2 Ir1 Zn1,4,-16.47278594970703,False,-16.47278594970703,-4.118196487426758
orb-v3,wbm-5-22957,Ir3 Pa3 Zn3,9,-64.68745422363281,False,-64.68745422363281,-7.1874949137369795
orb-v3,wbm-5-22958,I2 Sm2 Zn2,6,-20.123455047607422,False,-20.123455047607422,-3.353909174601237
orb-v3,wbm-5-22959,I2 Tb2 Zn2,6,-19.859268188476562,False,-19.859268188476562,-3.3098780314127603
orb-v3,wbm-5-22960,I2 Th2 Zn2,6,-24.621559143066406,False,-24.621559143066406,-4.103593190511067
orb-v3,wbm-5-22961,I2 Tm2 Zn2,6,-19.288740158081055,False,-19.288740158081055,-3.2147900263468423
orb-v3,wbm-5-22962,I2 U2 Zn2,6,-29.154067993164062,False,-29.154067993164062,-4.859011332194011
orb-v3,wbm-5-22963,I2 Yb2 Zn2,6,-13.997886657714844,False,-13.997886657714844,-2.3329811096191406
orb-v3,wbm-5-22964,La2 Os2 Zn1,5,-34.356327056884766,False,-34.356327056884766,-6.871265411376953
orb-v3,wbm-5-22965,La6 Pb2 Zn1,9,-41.61431121826172,False,-41.61431121826172,-4.623812357584636
orb-v3,wbm-5-22966,Hg3 La3 Zn3,9,-22.755268096923828,False,-22.755268096923828,-2.5283631218804254
orb-v3,wbm-5-22967,La1 Pt4 Zn1,6,-35.08320617675781,False,-35.08320617675781,-5.847201029459636
orb-v3,wbm-5-22968,La2 Zn2,4,-13.654767990112305,False,-13.654767990112305,-3.413691997528076
orb-v3,wbm-5-22969,Lu6 Pb2 Zn1,9,-38.364654541015625,False,-38.364654541015625,-4.26273939344618
orb-v3,wbm-5-22970,Hg3 Lu3 Zn3,9,-21.379791259765625,False,-21.379791259765625,-2.3755323621961804
orb-v3,wbm-5-22971,Lu1 Pt2 Zn1,4,-21.53058624267578,False,-21.53058624267578,-5.382646560668945
orb-v3,wbm-5-22972,Lu2 Zn2,4,-12.993866920471191,False,-12.993866920471191,-3.248466730117798
orb-v3,wbm-5-22973,Mo3 Pt3 Zn3,9,-55.81977081298828,False,-55.81977081298828,-6.202196756998698
orb-v3,wbm-5-22974,Mo1 Ru2 Zn1,4,-30.8764705657959,False,-30.8764705657959,-7.719117641448975
orb-v3,wbm-5-22975,Mo2 Sn2 Zn2,6,-30.440221786499023,False,-30.440221786499023,-5.073370297749837
orb-v3,wbm-5-22976,Ir2 Nb2 Zn1,5,-40.60347366333008,False,-40.60347366333008,-8.120694732666015
orb-v3,wbm-5-22977,Ag2 Nb3 Zn1,6,-35.259849548339844,False,-35.259849548339844,-5.876641591389974
orb-v3,wbm-5-22978,Nb3 Re2 Zn1,6,-57.32475662231445,False,-57.32475662231445,-9.554126103719076
orb-v3,wbm-5-22979,Au3 Nb3 Zn3,9,-44.27723693847656,False,-44.27723693847656,-4.9196929931640625
orb-v3,wbm-5-22980,Ir3 Nb3 Zn3,9,-64.1769790649414,False,-64.1769790649414,-7.130775451660156
orb-v3,wbm-5-22981,Nb3 Os3 Zn3,9,-68.17800903320312,False,-68.17800903320312,-7.57533433702257
orb-v3,wbm-5-22982,Nb3 Pd3 Zn3,9,-52.111083984375,False,-52.111083984375,-5.790120442708333
orb-v3,wbm-5-22983,Nb3 Pt3 Zn3,9,-56.38898849487305,False,-56.38898849487305,-6.265443166097005
orb-v3,wbm-5-22984,Nb1 Rh2 Zn1,4,-27.581754684448242,False,-27.581754684448242,-6.8954386711120605
orb-v3,wbm-5-22985,Nb3 Rh3 Zn3,9,-59.396236419677734,False,-59.396236419677734,-6.599581824408637
orb-v3,wbm-5-22986,Nb1 Ru2 Zn1,4,-30.917842864990234,False,-30.917842864990234,-7.729460716247559
orb-v3,wbm-5-22987,Nb3 Ru3 Zn3,9,-63.17612838745117,False,-63.17612838745117,-7.019569820827908
orb-v3,wbm-5-22988,Nb2 Sn2 Zn2,6,-30.2392578125,False,-30.2392578125,-5.039876302083333
orb-v3,wbm-5-22989,Nd6 Pb2 Zn1,9,-36.39115905761719,False,-36.39115905761719,-4.0434621175130205
orb-v3,wbm-5-22990,Hg3 Nd3 Zn3,9,-22.20342445373535,False,-22.20342445373535,-2.4670471615261502
orb-v3,wbm-5-22991,Np4 Zn4,8,-56.05038070678711,False,-56.05038070678711,-7.006297588348389
orb-v3,wbm-5-22992,Np2 Zn2,4,-27.907533645629883,False,-27.907533645629883,-6.976883411407471
orb-v3,wbm-5-22993,Np2 Os2 Zn1,5,-49.32102966308594,False,-49.32102966308594,-9.864205932617187
orb-v3,wbm-5-22994,Os2 Pa1 Zn1,4,-33.372920989990234,False,-33.372920989990234,-8.343230247497559
orb-v3,wbm-5-22995,Os2 Pu2 Zn1,5,-51.666168212890625,False,-51.666168212890625,-10.333233642578126
orb-v3,wbm-5-22996,Os2 Th2 Zn1,5,-40.03569030761719,False,-40.03569030761719,-8.007138061523438
orb-v3,wbm-5-22997,Os2 U2 Zn1,5,-47.051910400390625,False,-47.051910400390625,-9.410382080078126
orb-v3,wbm-5-22998,Np3 Os3 Zn3,9,-75.35159301757812,False,-75.35159301757812,-8.372399224175346
orb-v3,wbm-5-22999,Os2 Zn2,4,-24.039844512939453,False,-24.039844512939453,-6.009961128234863
orb-v3,wbm-5-23000,Pa4 Zn2,6,-40.454872131347656,False,-40.454872131347656,-6.742478688557942
orb-v3,wbm-5-23001,Pa2 Zn2,4,-21.500524520874023,False,-21.500524520874023,-5.375131130218506
orb-v3,wbm-5-23002,Pa2 Zn2,4,-21.500797271728516,False,-21.500797271728516,-5.375199317932129
orb-v3,wbm-5-23003,Pb2 Th6 Zn1,9,-54.70433044433594,False,-54.70433044433594,-6.078258938259548
orb-v3,wbm-5-23004,Pb2 U6 Zn1,9,-72.96412658691406,False,-72.96412658691406,-8.107125176323784
orb-v3,wbm-5-23005,Pa2 Pb2 Zn2,6,-28.06725311279297,False,-28.06725311279297,-4.677875518798828
orb-v3,wbm-5-23006,Pb3 Pu3 Zn3,9,-58.16667938232422,False,-58.16667938232422,-6.462964375813802
orb-v3,wbm-5-23007,Au1 Pd2 Zn1,4,-16.238998413085938,False,-16.238998413085938,-4.059749603271484
orb-v3,wbm-5-23008,Ba1 Pd2 Zn1,4,-15.792113304138184,False,-15.792113304138184,-3.948028326034546
orb-v3,wbm-5-23009,Cd1 Pd2 Zn1,4,-14.342400550842285,False,-14.342400550842285,-3.5856001377105713
orb-v3,wbm-5-23010,In2 Pd2 Zn1,5,-19.223339080810547,False,-19.223339080810547,-3.8446678161621093
orb-v3,wbm-5-23011,Pa1 Pd2 Zn1,4,-23.309036254882812,False,-23.309036254882812,-5.827259063720703
orb-v3,wbm-5-23012,Pd2 Pt1 Zn1,4,-18.95473289489746,False,-18.95473289489746,-4.738683223724365
orb-v3,wbm-5-23013,Pd3 Zn1,4,-18.03447723388672,False,-18.03447723388672,-4.50861930847168
orb-v3,wbm-5-23014,Pd5 Zn1,6,-28.580610275268555,False,-28.580610275268555,-4.763435045878093
orb-v3,wbm-5-23015,Ag2 Pd1 Zn1,4,-12.88880443572998,False,-12.88880443572998,-3.222201108932495
orb-v3,wbm-5-23016,Au2 Pd1 Zn1,4,-14.163604736328125,False,-14.163604736328125,-3.5409011840820312
orb-v3,wbm-5-23017,In3 Pd3 Zn3,9,-30.050657272338867,False,-30.050657272338867,-3.338961919148763
orb-v3,wbm-5-23018,Pa3 Pd3 Zn3,9,-51.89875793457031,False,-51.89875793457031,-5.766528659396702
orb-v3,wbm-5-23019,Pd2 Sb4 Zn2,8,-29.95118522644043,False,-29.95118522644043,-3.7438981533050537
orb-v3,wbm-5-23020,Pd3 Sn3 Zn3,9,-33.91106414794922,False,-33.91106414794922,-3.7678960164388022
orb-v3,wbm-5-23021,Pd2 Zn2,4,-15.171285629272461,False,-15.171285629272461,-3.7928214073181152
orb-v3,wbm-5-23022,Pb2 Pr6 Zn1,9,-36.672569274902344,False,-36.672569274902344,-4.074729919433594
orb-v3,wbm-5-23023,Hg3 Pr3 Zn3,9,-22.18482208251953,False,-22.18482208251953,-2.464980231391059
orb-v3,wbm-5-23024,Pr2 Zn2,4,-13.141401290893555,False,-13.141401290893555,-3.2853503227233887
orb-v3,wbm-5-23025,Pr2 Zn2,4,-13.312726974487305,False,-13.312726974487305,-3.328181743621826
orb-v3,wbm-5-23026,Pt5 Zn1,6,-32.92369842529297,False,-32.92369842529297,-5.487283070882161
orb-v3,wbm-5-23027,Pt7 Zn1,8,-45.118263244628906,False,-45.118263244628906,-5.639782905578613
orb-v3,wbm-5-23028,Au2 Pt1 Zn1,4,-14.776124000549316,False,-14.776124000549316,-3.694031000137329
orb-v3,wbm-5-23029,Pb3 Pt3 Zn3,9,-35.123291015625,False,-35.123291015625,-3.902587890625
orb-v3,wbm-5-23030,Pt2 Zn2,4,-16.78936004638672,False,-16.78936004638672,-4.19734001159668
orb-v3,wbm-5-23031,Pt4 Zn4,8,-33.82899475097656,False,-33.82899475097656,-4.22862434387207
orb-v3,wbm-5-23032,I6 Rb2 Zn1,9,-18.680091857910156,False,-18.680091857910156,-2.0755657619900174
orb-v3,wbm-5-23033,Bi2 Rb2 Zn2,6,-13.672595977783203,False,-13.672595977783203,-2.2787659962972007
orb-v3,wbm-5-23034,Pu3 Re2 Zn1,6,-68.06332397460938,False,-68.06332397460938,-11.343887329101562
orb-v3,wbm-5-23035,Re2 Th3 Zn1,6,-48.13474655151367,False,-48.13474655151367,-8.022457758585611
orb-v3,wbm-5-23036,Re2 U2 Zn1,5,-48.284881591796875,False,-48.284881591796875,-9.656976318359375
orb-v3,wbm-5-23037,Re2 U3 Zn1,6,-58.776817321777344,False,-58.776817321777344,-9.796136220296225
orb-v3,wbm-5-23038,Ba1 Rh2 Zn1,4,-19.00412368774414,False,-19.00412368774414,-4.751030921936035
orb-v3,wbm-5-23039,Ce1 Rh2 Zn1,4,-24.673633575439453,False,-24.673633575439453,-6.168408393859863
orb-v3,wbm-5-23040,Ce1 Rh2 Zn1,4,-24.38090705871582,False,-24.38090705871582,-6.095226764678955
orb-v3,wbm-5-23041,Dy1 Rh2 Zn1,4,-23.286590576171875,False,-23.286590576171875,-5.821647644042969
orb-v3,wbm-5-23042,Er1 Rh2 Zn1,4,-23.392196655273438,False,-23.392196655273438,-5.848049163818359
orb-v3,wbm-5-23043,Hf1 Rh2 Zn1,4,-29.27756118774414,False,-29.27756118774414,-7.319390296936035
orb-v3,wbm-5-23044,Ho1 Rh2 Zn1,4,-23.333189010620117,False,-23.333189010620117,-5.833297252655029
orb-v3,wbm-5-23045,In1 Rh2 Zn1,4,-20.37810707092285,False,-20.37810707092285,-5.094526767730713
orb-v3,wbm-5-23046,La1 Rh2 Zn1,4,-23.069137573242188,False,-23.069137573242188,-5.767284393310547
orb-v3,wbm-5-23047,Lu1 Rh2 Zn1,4,-23.544984817504883,False,-23.544984817504883,-5.886246204376221
orb-v3,wbm-5-23048,Nd1 Rh2 Zn1,4,-22.796480178833008,False,-22.796480178833008,-5.699120044708252
orb-v3,wbm-5-23049,Pa1 Rh2 Zn1,4,-28.120702743530273,False,-28.120702743530273,-7.030175685882568
orb-v3,wbm-5-23050,Pd1 Rh2 Zn1,4,-21.653640747070312,False,-21.653640747070312,-5.413410186767578
orb-v3,wbm-5-23051,Pr1 Rh2 Zn1,4,-22.661745071411133,False,-22.661745071411133,-5.665436267852783
orb-v3,wbm-5-23052,Pt1 Rh2 Zn1,4,-22.81142234802246,False,-22.81142234802246,-5.702855587005615
orb-v3,wbm-5-23053,Pu1 Rh2 Zn1,4,-32.215084075927734,False,-32.215084075927734,-8.053771018981934
orb-v3,wbm-5-23054,Rh2 Sm1 Zn1,4,-22.98695182800293,False,-22.98695182800293,-5.746737957000732
orb-v3,wbm-5-23055,Rh2 Tb1 Zn1,4,-23.2341251373291,False,-23.2341251373291,-5.808531284332275
orb-v3,wbm-5-23056,Rh2 Th1 Zn1,4,-26.350404739379883,False,-26.350404739379883,-6.587601184844971
orb-v3,wbm-5-23057,Rh2 Tm1 Zn1,4,-23.385286331176758,False,-23.385286331176758,-5.8463215827941895
orb-v3,wbm-5-23058,Rh2 U1 Zn1,4,-29.076696395874023,False,-29.076696395874023,-7.269174098968506
orb-v3,wbm-5-23059,Rh2 Yb3 Zn1,6,-23.858688354492188,False,-23.858688354492188,-3.9764480590820312
orb-v3,wbm-5-23060,Rh2 Yb1 Zn1,4,-19.3249568939209,False,-19.3249568939209,-4.831239223480225
orb-v3,wbm-5-23061,Rh5 Zn1,6,-38.446041107177734,False,-38.446041107177734,-6.407673517862956
orb-v3,wbm-5-23062,Rh7 Zn1,8,-53.31178665161133,False,-53.31178665161133,-6.663973331451416
orb-v3,wbm-5-23063,Rh8 Zn1,9,-60.37595748901367,False,-60.37595748901367,-6.708439721001519
orb-v3,wbm-5-23064,Au2 Rh1 Zn1,4,-15.683528900146484,False,-15.683528900146484,-3.920882225036621
orb-v3,wbm-5-23065,Bi1 Rh1 Zn1,3,-12.905673027038574,False,-12.905673027038574,-4.301891009012858
orb-v3,wbm-5-23066,In4 Rh2 Zn2,8,-30.153615951538086,False,-30.153615951538086,-3.7692019939422607
orb-v3,wbm-5-23067,Pa3 Rh3 Zn3,9,-59.6317024230957,False,-59.6317024230957,-6.6257447136773004
orb-v3,wbm-5-23068,Rh2 Sb4 Zn2,8,-34.38743209838867,False,-34.38743209838867,-4.298429012298584
orb-v3,wbm-5-23069,Rh2 Sn4 Zn2,8,-35.08441925048828,False,-35.08441925048828,-4.385552406311035
orb-v3,wbm-5-23070,Rh3 Ta3 Zn3,9,-64.64263916015625,False,-64.64263916015625,-7.182515462239583
orb-v3,wbm-5-23071,Rh2 Zn2,4,-18.767181396484375,False,-18.767181396484375,-4.691795349121094
orb-v3,wbm-5-23072,Rh2 Zn2,4,-18.767297744750977,False,-18.767297744750977,-4.691824436187744
orb-v3,wbm-5-23073,Ba1 Ru2 Zn1,4,-21.303834915161133,False,-21.303834915161133,-5.325958728790283
orb-v3,wbm-5-23074,Cd1 Ru2 Zn1,4,-19.14734649658203,False,-19.14734649658203,-4.786836624145508
orb-v3,wbm-5-23075,Hf1 Ru2 Zn1,4,-31.228422164916992,False,-31.228422164916992,-7.807105541229248
orb-v3,wbm-5-23076,In2 Ru2 Zn1,5,-24.895591735839844,False,-24.895591735839844,-4.979118347167969
orb-v3,wbm-5-23077,Pa1 Ru2 Zn1,4,-30.873249053955078,False,-30.873249053955078,-7.7183122634887695
orb-v3,wbm-5-23078,Pb1 Ru2 Zn1,4,-22.300920486450195,False,-22.300920486450195,-5.575230121612549
orb-v3,wbm-5-23079,Ru2 Sn1 Zn1,4,-24.042469024658203,False,-24.042469024658203,-6.010617256164551
orb-v3,wbm-5-23080,Ru6 Zn2,8,-56.79201126098633,False,-56.79201126098633,-7.099001407623291
orb-v3,wbm-5-23081,Np3 Ru3 Zn3,9,-70.5650863647461,False,-70.5650863647461,-7.8405651516384545
orb-v3,wbm-5-23082,Pa3 Ru3 Zn3,9,-63.625850677490234,False,-63.625850677490234,-7.069538964165582
orb-v3,wbm-5-23083,Ru3 Sn3 Zn3,9,-43.32299041748047,False,-43.32299041748047,-4.813665601942274
orb-v3,wbm-5-23084,Ru2 Zn2,4,-20.56248664855957,False,-20.56248664855957,-5.140621662139893
orb-v3,wbm-5-23085,Ru2 Zn2,4,-20.877195358276367,False,-20.877195358276367,-5.219298839569092
orb-v3,wbm-5-23086,Pa2 Sb4 Zn2,8,-40.01604080200195,False,-40.01604080200195,-5.002005100250244
orb-v3,wbm-5-23087,Pa1 Sb1 Zn1,3,-14.673137664794922,False,-14.673137664794922,-4.891045888264974
orb-v3,wbm-5-23088,Sb2 Th2 Zn2,6,-28.25802993774414,False,-28.25802993774414,-4.70967165629069
orb-v3,wbm-5-23089,I2 Se6 Zn1,9,-26.48415184020996,False,-26.48415184020996,-2.942683537801107
orb-v3,wbm-5-23090,Pb2 Sm6 Zn1,9,-35.014129638671875,False,-35.014129638671875,-3.8904588487413196
orb-v3,wbm-5-23091,Sm2 Zn2,4,-13.261959075927734,False,-13.261959075927734,-3.3154897689819336
orb-v3,wbm-5-23092,Ac1 Sn2 Zn1,4,-14.834188461303711,False,-14.834188461303711,-3.7085471153259277
orb-v3,wbm-5-23093,Ir2 Sn2 Zn1,5,-27.973514556884766,False,-27.973514556884766,-5.594702911376953
orb-v3,wbm-5-23094,Pa6 Sn2 Zn1,9,-66.57551574707031,False,-66.57551574707031,-7.397279527452257
orb-v3,wbm-5-23095,Sn4 Zn2,6,-17.753681182861328,False,-17.753681182861328,-2.958946863810221
orb-v3,wbm-5-23096,Ba1 Sn3 Zn1,5,-16.702667236328125,False,-16.702667236328125,-3.340533447265625
orb-v3,wbm-5-23097,La1 Sn3 Zn1,5,-19.6334171295166,False,-19.6334171295166,-3.9266834259033203
orb-v3,wbm-5-23098,Pr1 Sn3 Zn1,5,-19.2327880859375,False,-19.2327880859375,-3.8465576171875
orb-v3,wbm-5-23099,Sn3 Yb1 Zn1,5,-15.78654956817627,False,-15.78654956817627,-3.157309913635254
orb-v3,wbm-5-23100,Au2 Sn2 Zn2,6,-16.810848236083984,False,-16.810848236083984,-2.8018080393473306
orb-v3,wbm-5-23101,Ce2 Sn2 Zn2,6,-25.197019577026367,False,-25.197019577026367,-4.199503262837728
orb-v3,wbm-5-23102,Er2 Sn2 Zn2,6,-22.59404754638672,False,-22.59404754638672,-3.765674591064453
orb-v3,wbm-5-23103,Os3 Sn3 Zn3,9,-46.782718658447266,False,-46.782718658447266,-5.198079850938585
orb-v3,wbm-5-23104,Pb2 Sn2 Zn2,6,-17.207914352416992,False,-17.207914352416992,-2.867985725402832
orb-v3,wbm-5-23105,Pr2 Sn2 Zn2,6,-23.672401428222656,False,-23.672401428222656,-3.9454002380371094
orb-v3,wbm-5-23106,Pt3 Sn3 Zn3,9,-37.36589050292969,False,-37.36589050292969,-4.151765611436632
orb-v3,wbm-5-23107,Re2 Sn2 Zn2,6,-33.53728103637695,False,-33.53728103637695,-5.589546839396159
orb-v3,wbm-5-23108,Sm2 Sn2 Zn2,6,-23.355331420898438,False,-23.355331420898438,-3.8925552368164062
orb-v3,wbm-5-23109,Sn2 Ta2 Zn2,6,-32.88578414916992,False,-32.88578414916992,-5.480964024861653
orb-v3,wbm-5-23110,Sn2 U2 Zn2,6,-33.32398223876953,False,-33.32398223876953,-5.553997039794922
orb-v3,wbm-5-23111,Ir2 Sr2 Zn1,5,-23.839988708496094,False,-23.839988708496094,-4.767997741699219
orb-v3,wbm-5-23112,Os2 Sr2 Zn1,5,-26.27483367919922,False,-26.27483367919922,-5.254966735839844
orb-v3,wbm-5-23113,Cd4 Sr2 Zn2,8,-11.700904846191406,False,-11.700904846191406,-1.4626131057739258
orb-v3,wbm-5-23114,Hg3 Sr3 Zn3,9,-12.548820495605469,False,-12.548820495605469,-1.3943133884006076
orb-v3,wbm-5-23115,In2 Sr2 Zn2,6,-13.437681198120117,False,-13.437681198120117,-2.2396135330200195
orb-v3,wbm-5-23116,I2 Sr2 Zn2,6,-14.37806510925293,False,-14.37806510925293,-2.3963441848754883
orb-v3,wbm-5-23117,Ru2 Sr1 Zn1,4,-21.17511749267578,False,-21.17511749267578,-5.293779373168945
orb-v3,wbm-5-23118,Sn2 Sr2 Zn2,6,-16.724950790405273,False,-16.724950790405273,-2.787491798400879
orb-v3,wbm-5-23119,Sr2 Zn2,4,-6.6260223388671875,False,-6.6260223388671875,-1.6565055847167969
orb-v3,wbm-5-23120,Ir2 Ta2 Zn1,5,-44.23063278198242,False,-44.23063278198242,-8.846126556396484
orb-v3,wbm-5-23121,Re2 Ta3 Zn1,6,-63.015689849853516,False,-63.015689849853516,-10.502614974975586
orb-v3,wbm-5-23122,Ir3 Ta3 Zn3,9,-69.58470153808594,False,-69.58470153808594,-7.7316335042317705
orb-v3,wbm-5-23123,Pt3 Ta3 Zn3,9,-61.432804107666016,False,-61.432804107666016,-6.825867123074001
orb-v3,wbm-5-23124,Os2 Tb2 Zn1,5,-34.31330108642578,False,-34.31330108642578,-6.862660217285156
orb-v3,wbm-5-23125,Re2 Tb3 Zn1,6,-38.99327850341797,False,-38.99327850341797,-6.498879750569661
orb-v3,wbm-5-23126,Pb2 Tb6 Zn1,9,-39.403995513916016,False,-39.403995513916016,-4.378221723768446
orb-v3,wbm-5-23127,Tb6 Tl2 Zn1,9,-35.8840446472168,False,-35.8840446472168,-3.9871160719129772
orb-v3,wbm-5-23128,Hg3 Tb3 Zn3,9,-21.940296173095703,False,-21.940296173095703,-2.4378106858995228
orb-v3,wbm-5-23129,Te6 Zn2,8,-21.53805160522461,False,-21.53805160522461,-2.692256450653076
orb-v3,wbm-5-23130,Bi2 Te2 Zn2,6,-15.744895935058594,False,-15.744895935058594,-2.6241493225097656
orb-v3,wbm-5-23131,Th2 Zn2,4,-18.069183349609375,False,-18.069183349609375,-4.517295837402344
orb-v3,wbm-5-23132,Th6 Tl2 Zn1,9,-51.15211868286133,False,-51.15211868286133,-5.683568742540148
orb-v3,wbm-5-23133,Pu2 Tl2 Zn2,6,-36.209659576416016,False,-36.209659576416016,-6.034943262736003
orb-v3,wbm-5-23134,Re2 Tm3 Zn1,6,-39.05986022949219,False,-39.05986022949219,-6.509976704915364
orb-v3,wbm-5-23135,Pb2 Tm6 Zn1,9,-38.264617919921875,False,-38.264617919921875,-4.251624213324653
orb-v3,wbm-5-23136,Tl2 Tm6 Zn1,9,-34.84813690185547,False,-34.84813690185547,-3.872015211317274
orb-v3,wbm-5-23137,Tm3 Zn3,6,-19.345977783203125,False,-19.345977783203125,-3.224329630533854
orb-v3,wbm-5-23138,Tm2 Zn2,4,-12.89695930480957,False,-12.89695930480957,-3.2242398262023926
orb-v3,wbm-5-23139,U4 Zn4,8,-49.55440139770508,False,-49.55440139770508,-6.194300174713135
orb-v3,wbm-5-23140,Ag2 Y3 Zn1,6,-28.439701080322266,False,-28.439701080322266,-4.739950180053711
orb-v3,wbm-5-23141,Re2 Y3 Zn1,6,-44.44959259033203,False,-44.44959259033203,-7.408265431722005
orb-v3,wbm-5-23142,In2 Y6 Zn1,9,-26.232379913330078,False,-26.232379913330078,-2.9147088792588978
orb-v3,wbm-5-23143,Pb2 Y6 Zn1,9,-45.247772216796875,False,-45.247772216796875,-5.027530246310764
orb-v3,wbm-5-23144,Sn2 Y6 Zn1,9,-52.273075103759766,False,-52.273075103759766,-5.808119455973308
orb-v3,wbm-5-23145,Tl2 Y6 Zn1,9,-47.1903076171875,False,-47.1903076171875,-5.243367513020833
orb-v3,wbm-5-23146,Yb6 Zn2,8,-12.905132293701172,False,-12.905132293701172,-1.6131415367126465
orb-v3,wbm-5-23147,Pb2 Yb6 Zn1,9,-21.39197540283203,False,-21.39197540283203,-2.376886155870226
orb-v3,wbm-5-23148,Hg4 Yb2 Zn2,8,-9.801685333251953,False,-9.801685333251953,-1.2252106666564941
orb-v3,wbm-5-23149,Pt4 Yb1 Zn1,6,-30.958274841308594,False,-30.958274841308594,-5.159712473551433
orb-v3,wbm-5-23150,Yb2 Zn2,4,-6.890088081359863,False,-6.890088081359863,-1.7225220203399658
orb-v3,wbm-5-23151,Cd4 Y2 Zn2,8,-21.458274841308594,False,-21.458274841308594,-2.682284355163574
orb-v3,wbm-5-23152,Rh2 Y1 Zn1,4,-24.985820770263672,False,-24.985820770263672,-6.246455192565918
orb-v3,wbm-5-23153,Y2 Zn2,4,-16.92085075378418,False,-16.92085075378418,-4.230212688446045
orb-v3,wbm-5-23154,Os2 Zn1 Zr2,5,-42.128997802734375,False,-42.128997802734375,-8.425799560546874
orb-v3,wbm-5-23155,Ru2 Zn1 Zr2,5,-38.696868896484375,False,-38.696868896484375,-7.739373779296875
orb-v3,wbm-5-23156,Ag2 Zn1 Zr3,6,-33.06869888305664,False,-33.06869888305664,-5.511449813842773
orb-v3,wbm-5-23157,Re2 Zn1 Zr3,6,-53.34104537963867,False,-53.34104537963867,-8.89017422993978
orb-v3,wbm-5-23158,Tl2 Zn1 Zr6,9,-57.9891242980957,False,-57.9891242980957,-6.443236033121745
orb-v3,wbm-5-23159,Cd4 Zn2 Zr2,8,-23.46316146850586,False,-23.46316146850586,-2.9328951835632324
orb-v3,wbm-5-23160,I2 Zn2 Zr2,6,-25.941417694091797,False,-25.941417694091797,-4.323569615681966
orb-v3,wbm-5-23161,Rh2 Zn1 Zr1,4,-27.556970596313477,False,-27.556970596313477,-6.889242649078369
orb-v3,wbm-5-23162,Au1 Tl1 Zr2,4,-23.581239700317383,False,-23.581239700317383,-5.895309925079346
orb-v3,wbm-5-23163,Cd2 Sn1 Zr2,5,-23.863929748535156,False,-23.863929748535156,-4.772785949707031
orb-v3,wbm-5-23164,Cd1 Ir2 Zr2,5,-38.558162689208984,False,-38.558162689208984,-7.711632537841797
orb-v3,wbm-5-23165,Bi1 I2 Zr2,5,-26.381202697753906,False,-26.381202697753906,-5.276240539550781
orb-v3,wbm-5-23167,In1 Pb1 Zr2,4,-23.111785888671875,False,-23.111785888671875,-5.777946472167969
orb-v3,wbm-5-23168,In1 Sn1 Zr2,4,-20.285709381103516,False,-20.285709381103516,-5.071427345275879
orb-v3,wbm-5-23169,Hg1 Pd2 Zr2,5,-29.922889709472656,False,-29.922889709472656,-5.984577941894531
orb-v3,wbm-5-23170,In1 Pd3 Zr2,6,-38.086063385009766,False,-38.086063385009766,-6.347677230834961
orb-v3,wbm-5-23171,Pd1 Tl1 Zr2,4,-25.518583297729492,False,-25.518583297729492,-6.379645824432373
orb-v3,wbm-5-23172,Hg1 Pt2 Zr2,5,-32.80049514770508,False,-32.80049514770508,-6.560099029541016
orb-v3,wbm-5-23173,Pb1 Pt2 Zr2,5,-36.22477340698242,False,-36.22477340698242,-7.244954681396484
orb-v3,wbm-5-23174,Re1 Zr2,3,-29.949771881103516,False,-29.949771881103516,-9.983257293701172
orb-v3,wbm-5-23175,Cd1 Rh2 Zr2,5,-35.44293975830078,False,-35.44293975830078,-7.088587951660156
orb-v3,wbm-5-23176,Pb1 Rh2 Zr2,5,-38.10871124267578,False,-38.10871124267578,-7.621742248535156
orb-v3,wbm-5-23177,In1 Ru2 Zr2,5,-40.015785217285156,False,-40.015785217285156,-8.003157043457032
orb-v3,wbm-5-23178,Pb1 Ru2 Zr2,5,-40.39198303222656,False,-40.39198303222656,-8.078396606445313
orb-v3,wbm-5-23179,Ru2 Tl1 Zr2,5,-39.23921203613281,False,-39.23921203613281,-7.847842407226563
orb-v3,wbm-5-23180,Ru1 Zr2,3,-27.585960388183594,False,-27.585960388183594,-9.195320129394531
orb-v3,wbm-5-23181,I2 Sb1 Zr2,5,-27.741830825805664,False,-27.741830825805664,-5.5483661651611325
orb-v3,wbm-5-23182,Sb2 Zr4,6,-45.62849807739258,False,-45.62849807739258,-7.60474967956543
orb-v3,wbm-5-23183,Sb2 Zr4,6,-46.24823760986328,False,-46.24823760986328,-7.70803960164388
orb-v3,wbm-5-23184,Au1 Sn1 Zr2,4,-26.382482528686523,False,-26.382482528686523,-6.595620632171631
orb-v3,wbm-5-23185,Pt3 Sn1 Zr2,6,-43.646671295166016,False,-43.646671295166016,-7.274445215861003
orb-v3,wbm-5-23186,Sn1 Zr2,3,-22.370677947998047,False,-22.370677947998047,-7.456892649332683
orb-v3,wbm-5-23187,Sn2 Zr4,6,-45.001861572265625,False,-45.001861572265625,-7.5003102620442705
orb-v3,wbm-5-23188,Te2 Zr4,6,-43.56486511230469,False,-43.56486511230469,-7.260810852050781
orb-v3,wbm-5-23189,Bi1 I3 Zr3,7,-35.0740966796875,False,-35.0740966796875,-5.010585239955357
orb-v3,wbm-5-23190,Hg1 Ir2 Zr3,6,-47.04172897338867,False,-47.04172897338867,-7.840288162231445
orb-v3,wbm-5-23191,Au1 Os2 Zr3,6,-54.34971618652344,False,-54.34971618652344,-9.05828603108724
orb-v3,wbm-5-23192,Pd2 Tl3 Zr3,8,-45.62504959106445,False,-45.62504959106445,-5.703131198883057
orb-v3,wbm-5-23193,Pt2 Tl3 Zr3,8,-48.565338134765625,False,-48.565338134765625,-6.070667266845703
orb-v3,wbm-5-23194,Cd1 Rh2 Zr3,6,-44.34178161621094,False,-44.34178161621094,-7.390296936035156
orb-v3,wbm-5-23195,Hg1 Rh2 Zr3,6,-43.87638854980469,False,-43.87638854980469,-7.312731424967448
orb-v3,wbm-5-23196,Pb3 Rh2 Zr3,8,-54.46730422973633,False,-54.46730422973633,-6.808413028717041
orb-v3,wbm-5-23197,Ag1 Ru2 Zr3,6,-49.533912658691406,False,-49.533912658691406,-8.2556521097819
orb-v3,wbm-5-23198,Au1 Ru2 Zr3,6,-50.84557342529297,False,-50.84557342529297,-8.474262237548828
orb-v3,wbm-5-23199,Pd2 Ru1 Zr3,6,-48.894012451171875,False,-48.894012451171875,-8.149002075195312
orb-v3,wbm-5-23200,Pt2 Ru1 Zr3,6,-51.916229248046875,False,-51.916229248046875,-8.652704874674479
orb-v3,wbm-5-23201,Rh2 Ru1 Zr3,6,-53.889366149902344,False,-53.889366149902344,-8.981561024983725
orb-v3,wbm-5-23202,Sn1 Te3 Zr4,8,-51.43068313598633,False,-51.43068313598633,-6.428835391998291
orb-v3,wbm-5-23203,Bi1 Te3 Zr4,8,-50.625099182128906,False,-50.625099182128906,-6.328137397766113
orb-v3,wbm-5-23204,Ag1 Pb2 Zr6,9,-55.65614318847656,False,-55.65614318847656,-6.1840159098307295
orb-v3,wbm-5-23205,Au1 Pb2 Zr6,9,-59.06077194213867,False,-59.06077194213867,-6.562307993570964
orb-v3,wbm-5-23206,Ir1 Pb2 Zr6,9,-66.273681640625,False,-66.273681640625,-7.363742404513889
orb-v3,wbm-5-23207,Os1 Pb2 Zr6,9,-68.65082550048828,False,-68.65082550048828,-7.627869500054254
orb-v3,wbm-5-23208,Pb2 Pd1 Zr6,9,-60.18824005126953,False,-60.18824005126953,-6.687582227918837
orb-v3,wbm-5-23209,Pb2 Pt1 Zr6,9,-62.27906799316406,False,-62.27906799316406,-6.9198964436848955
orb-v3,wbm-5-23210,Bi2 Re1 Zr6,9,-74.03921508789062,False,-74.03921508789062,-8.22657945421007
orb-v3,wbm-5-23211,Pb2 Re1 Zr6,9,-72.88349914550781,False,-72.88349914550781,-8.098166571723091
orb-v3,wbm-5-23212,Rh1 Tl2 Zr6,9,-65.70147705078125,False,-65.70147705078125,-7.300164116753472
orb-v3,wbm-5-23213,Ru1 Tl2 Zr6,9,-67.0583267211914,False,-67.0583267211914,-7.450925191243489
orb-v3,wbm-5-23214,Au1 Sn2 Zr6,9,-66.54358673095703,False,-66.54358673095703,-7.393731858995226
orb-v3,wbm-5-23215,Ag2 Cd4 Zr2,8,-26.900249481201172,False,-26.900249481201172,-3.3625311851501465
orb-v3,wbm-5-23216,Ag2 In2 Zr2,6,-24.360754013061523,False,-24.360754013061523,-4.060125668843587
orb-v3,wbm-5-23217,Ag4 Zr4,8,-45.631126403808594,False,-45.631126403808594,-5.703890800476074
orb-v3,wbm-5-23218,Au5 Zr1,6,-26.161773681640625,False,-26.161773681640625,-4.3602956136067705
orb-v3,wbm-5-23219,Bi4 Zr2,6,-33.5826530456543,False,-33.5826530456543,-5.597108840942383
orb-v3,wbm-5-23220,Cd4 Ir2 Zr2,8,-40.63187026977539,False,-40.63187026977539,-5.078983783721924
orb-v3,wbm-5-23221,Cd3 Hg3 Zr3,9,-29.93670654296875,False,-29.93670654296875,-3.3263007269965277
orb-v3,wbm-5-23222,Cd1 Pt4 Zr1,6,-37.46723175048828,False,-37.46723175048828,-6.24453862508138
orb-v3,wbm-5-23223,Er1 Pb2 Zr1,4,-21.271705627441406,False,-21.271705627441406,-5.317926406860352
orb-v3,wbm-5-23224,Bi1 Hg2 Zr1,4,-12.27195930480957,False,-12.27195930480957,-3.0679898262023926
orb-v3,wbm-5-23225,I2 Zr1,3,-13.917461395263672,False,-13.917461395263672,-4.639153798421224
orb-v3,wbm-5-23226,I6 Zr2,8,-33.49726486206055,False,-33.49726486206055,-4.187158107757568
orb-v3,wbm-5-23227,Au2 In2 Zr2,6,-25.449798583984375,False,-25.449798583984375,-4.2416330973307295
orb-v3,wbm-5-23228,In1 Pt2 Zr1,4,-26.630754470825195,False,-26.630754470825195,-6.657688617706299
orb-v3,wbm-5-23229,In2 Tm2 Zr2,6,-31.97530174255371,False,-31.97530174255371,-5.329216957092285
orb-v3,wbm-5-23230,Ir2 Pt1 Zr1,4,-35.54092025756836,False,-35.54092025756836,-8.88523006439209
orb-v3,wbm-5-23231,Ir4 Zr4,8,-73.03387451171875,False,-73.03387451171875,-9.129234313964844
orb-v3,wbm-5-23232,La1 Pb2 Zr1,4,-21.898059844970703,False,-21.898059844970703,-5.474514961242676
orb-v3,wbm-5-23233,Nd1 Pb2 Zr1,4,-21.59911346435547,False,-21.59911346435547,-5.399778366088867
orb-v3,wbm-5-23234,Os2 Pt1 Zr1,4,-38.4135627746582,False,-38.4135627746582,-9.60339069366455
orb-v3,wbm-5-23235,Os2 Zr2,4,-40.319244384765625,False,-40.319244384765625,-10.079811096191406
orb-v3,wbm-5-23236,Ac1 Pb2 Zr1,4,-20.64361000061035,False,-20.64361000061035,-5.160902500152588
orb-v3,wbm-5-23237,Pb2 Pu1 Zr1,4,-24.970975875854492,False,-24.970975875854492,-6.242743968963623
orb-v3,wbm-5-23238,Pb2 Th1 Zr1,4,-22.823139190673828,False,-22.823139190673828,-5.705784797668457
orb-v3,wbm-5-23239,Au3 Pd2 Zr1,6,-29.63187026977539,False,-29.63187026977539,-4.938645044962565
orb-v3,wbm-5-23240,Pb1 Pd2 Zr1,4,-24.615142822265625,False,-24.615142822265625,-6.153785705566406
orb-v3,wbm-5-23241,Pd2 Pt1 Zr1,4,-28.54029083251953,False,-28.54029083251953,-7.135072708129883
orb-v3,wbm-5-23242,Pd3 Zr1,4,-27.29080581665039,False,-27.29080581665039,-6.822701454162598
orb-v3,wbm-5-23243,Pd4 Zr1,5,-32.33277893066406,False,-32.33277893066406,-6.466555786132813
orb-v3,wbm-5-23244,Pd5 Sb1 Zr1,7,-43.03830337524414,False,-43.03830337524414,-6.1483290536063055
orb-v3,wbm-5-23245,Au2 Pd1 Zr1,4,-21.657913208007812,False,-21.657913208007812,-5.414478302001953
orb-v3,wbm-5-23246,Ir2 Pd1 Zr1,4,-34.10059356689453,False,-34.10059356689453,-8.525148391723633
orb-v3,wbm-5-23247,Pb2 Pm1 Zr1,4,-21.710220336914062,False,-21.710220336914062,-5.427555084228516
orb-v3,wbm-5-23248,Pb2 Pm1 Zr1,4,-21.696245193481445,False,-21.696245193481445,-5.424061298370361
orb-v3,wbm-5-23249,Pb2 Pm1 Zr1,4,-21.70514488220215,False,-21.70514488220215,-5.426286220550537
orb-v3,wbm-5-23250,Pb2 Pm1 Zr1,4,-21.686420440673828,False,-21.686420440673828,-5.421605110168457
orb-v3,wbm-5-23251,Pb2 Pm1 Zr1,4,-21.69207763671875,False,-21.69207763671875,-5.4230194091796875
orb-v3,wbm-5-23252,Pb2 Pr1 Zr1,4,-21.604036331176758,False,-21.604036331176758,-5.4010090827941895
orb-v3,wbm-5-23253,Au2 Pt1 Zr1,4,-22.725814819335938,False,-22.725814819335938,-5.681453704833984
orb-v3,wbm-5-23254,Pt2 Zr2,4,-33.53651809692383,False,-33.53651809692383,-8.384129524230957
orb-v3,wbm-5-23255,Pt4 Zr4,8,-64.39715576171875,False,-64.39715576171875,-8.049644470214844
orb-v3,wbm-5-23256,Pt4 Zr4,8,-67.07247161865234,False,-67.07247161865234,-8.384058952331543
orb-v3,wbm-5-23257,Au1 Rh2 Zr1,4,-29.18364143371582,False,-29.18364143371582,-7.295910358428955
orb-v3,wbm-5-23258,Au1 Rh2 Zr1,4,-28.597225189208984,False,-28.597225189208984,-7.149306297302246
orb-v3,wbm-5-23259,In1 Rh2 Zr1,4,-28.958986282348633,False,-28.958986282348633,-7.239746570587158
orb-v3,wbm-5-23260,Ir1 Rh2 Zr1,4,-34.85368347167969,False,-34.85368347167969,-8.713420867919922
orb-v3,wbm-5-23261,La1 Rh2 Zr1,4,-30.714069366455078,False,-30.714069366455078,-7.6785173416137695
orb-v3,wbm-5-23262,Nd1 Rh2 Zr1,4,-30.476369857788086,False,-30.476369857788086,-7.6190924644470215
orb-v3,wbm-5-23263,Pd1 Rh2 Zr1,4,-31.199661254882812,False,-31.199661254882812,-7.799915313720703
orb-v3,wbm-5-23264,Pr1 Rh2 Zr1,4,-30.434492111206055,False,-30.434492111206055,-7.608623027801514
orb-v3,wbm-5-23265,Pt1 Rh2 Zr1,4,-32.6557731628418,False,-32.6557731628418,-8.16394329071045
orb-v3,wbm-5-23266,Rh2 Sm1 Zr1,4,-30.669265747070312,False,-30.669265747070312,-7.667316436767578
orb-v3,wbm-5-23267,Rh2 Sn1 Zr1,4,-30.245641708374023,False,-30.245641708374023,-7.561410427093506
orb-v3,wbm-5-23268,Rh2 Sb4 Zr2,8,-52.643035888671875,False,-52.643035888671875,-6.580379486083984
orb-v3,wbm-5-23269,Rh2 Zr2,4,-34.96409606933594,False,-34.96409606933594,-8.741024017333984
orb-v3,wbm-5-23270,Rh4 Zr4,8,-67.02002716064453,False,-67.02002716064453,-8.377503395080566
orb-v3,wbm-5-23271,Pd1 Ru2 Zr1,4,-33.525508880615234,False,-33.525508880615234,-8.381377220153809
orb-v3,wbm-5-23272,Pt1 Ru2 Zr1,4,-35.07707595825195,False,-35.07707595825195,-8.769268989562988
orb-v3,wbm-5-23273,Pu1 Ru2 Zr1,4,-42.4249382019043,False,-42.4249382019043,-10.606234550476074
orb-v3,wbm-5-23274,In1 Ir1 Ru1 Zr1,4,-31.557506561279297,False,-31.557506561279297,-7.889376640319824
orb-v3,wbm-5-23275,Rh2 Ru1 Zr1,4,-34.48078155517578,False,-34.48078155517578,-8.620195388793945
orb-v3,wbm-5-23276,Ru2 Sb4 Zr2,8,-55.51438903808594,False,-55.51438903808594,-6.939298629760742
orb-v3,wbm-5-23277,Ru3 Zr3,6,-57.350067138671875,False,-57.350067138671875,-9.558344523111979
orb-v3,wbm-5-23278,Ru4 Zr4,8,-72.13704681396484,False,-72.13704681396484,-9.017130851745605
orb-v3,wbm-5-23279,Ru2 Zr2,4,-38.23474884033203,False,-38.23474884033203,-9.558687210083008
orb-v3,wbm-5-23280,Pb2 Sb2 Zr1,5,-24.73998260498047,False,-24.73998260498047,-4.947996520996094
orb-v3,wbm-5-23281,Hg2 Sb1 Zr1,4,-13.707844734191895,False,-13.707844734191895,-3.4269611835479736
orb-v3,wbm-5-23282,Ce1 Sn2 Zr1,4,-24.319671630859375,False,-24.319671630859375,-6.079917907714844
orb-v3,wbm-5-23283,Ce2 Sn2 Zr2,6,-39.694236755371094,False,-39.694236755371094,-6.615706125895183
orb-v3,wbm-5-23284,Dy2 Sn2 Zr2,6,-37.006187438964844,False,-37.006187438964844,-6.167697906494141
orb-v3,wbm-5-23285,Hf2 Sn2 Zr2,6,-47.09275817871094,False,-47.09275817871094,-7.848793029785156
orb-v3,wbm-5-23286,Ho2 Sn2 Zr2,6,-37.823158264160156,False,-37.823158264160156,-6.303859710693359
orb-v3,wbm-5-23287,I4 Sn1 Zr1,6,-22.01749038696289,False,-22.01749038696289,-3.669581731160482
orb-v3,wbm-5-23288,La2 Sn2 Zr2,6,-38.30141067504883,False,-38.30141067504883,-6.383568445841472
orb-v3,wbm-5-23289,Lu2 Sn2 Zr2,6,-37.55523681640625,False,-37.55523681640625,-6.259206136067708
orb-v3,wbm-5-23290,Nd2 Sn2 Zr2,6,-38.062110900878906,False,-38.062110900878906,-6.343685150146484
orb-v3,wbm-5-23291,Np2 Sn2 Zr2,6,-50.79816436767578,False,-50.79816436767578,-8.466360727945963
orb-v3,wbm-5-23292,Pr2 Sn2 Zr2,6,-38.036617279052734,False,-38.036617279052734,-6.339436213175456
orb-v3,wbm-5-23293,Pt2 Sn2 Zr2,6,-41.819297790527344,False,-41.819297790527344,-6.969882965087891
orb-v3,wbm-5-23295,Re2 Sn2 Zr2,6,-49.808509826660156,False,-49.808509826660156,-8.30141830444336
orb-v3,wbm-5-23296,Sm2 Sn2 Zr2,6,-38.04352951049805,False,-38.04352951049805,-6.340588251749675
orb-v3,wbm-5-23297,Sn2 Ta2 Zr2,6,-50.75685119628906,False,-50.75685119628906,-8.45947519938151
orb-v3,wbm-5-23298,Sn2 Tb2 Zr2,6,-37.945770263671875,False,-37.945770263671875,-6.3242950439453125
orb-v3,wbm-5-23299,Sn2 U2 Zr2,6,-47.45399856567383,False,-47.45399856567383,-7.908999760945638
orb-v3,wbm-5-23300,Sn2 Zr2,4,-26.136573791503906,False,-26.136573791503906,-6.534143447875977
orb-v3,wbm-5-23301,Sn2 Yb2 Zr2,6,-31.178058624267578,False,-31.178058624267578,-5.196343104044597
orb-v3,wbm-5-23302,Pb2 Tb1 Zr1,4,-21.34668731689453,False,-21.34668731689453,-5.336671829223633
orb-v3,wbm-5-23303,Te6 Zr3,9,-52.420318603515625,False,-52.420318603515625,-5.82447984483507
orb-v3,wbm-5-23304,I2 Te2 Zr2,6,-31.895130157470703,False,-31.895130157470703,-5.315855026245117
orb-v3,wbm-5-23305,Tl2 Zr2,4,-21.568078994750977,False,-21.568078994750977,-5.392019748687744
orb-v3,wbm-5-23306,Pb2 Tm1 Zr1,4,-21.081439971923828,False,-21.081439971923828,-5.270359992980957
orb-v3,wbm-5-23307,Pb2 Tm2 Zr2,6,-35.50636672973633,False,-35.50636672973633,-5.917727788289388
orb-v3,wbm-5-23308,Pb2 Yb1 Zr1,4,-18.148792266845703,False,-18.148792266845703,-4.537198066711426
