element,0,1,2,3,4,5,6,7,8,9,10,11,12,13,14,15,16,17,18,19,20,21,22,23,24,25,26,27,28,29,30,31
H,-0.6907536255765524,0.05612304201782072,-1.3716654437280806,-1.0563497122200638,1.0151297028535267,1.1755668918918976,-0.5689608535642057,-1.0384292035987304,-0.10016407267854681,0.04676461814052532,-2.018887440622389,-0.8838278215978953,0.789920387013098,0.6392863653871447,-1.3953854454161567,-1.2304311457544093,-0.4857017609943747,0.7081183759259259,-1.9568641065103745,-1.4897783220586376,1.0798349967956398,-0.7511621442775928,0.6703312609587704,-0.31315636575016964,-1.2418187275191575,-1.0229091029831365,0.9348751036173701,1.3273808469875137,0.8139208276280128,-0.3696740565430524,0.6562749144735418,-1.1358670225317649
He,0.0,0.0,0.0,0.0,0.0,0.0,0.0,0.0,0.0,0.0,0.0,0.0,0.0,0.0,0.0,0.0,0.0,0.0,0.0,0.0,0.0,0.0,0.0,0.0,0.0,0.0,0.0,0.0,0.0,0.0,0.0,0.0
Li,-0.9594164003868851,1.0126629243016776,0.6493357094759025,-1.4320998630387238,-0.21834681974129116,1.4500570137384892,-1.10173078848872,-0.6470709457064788,-0.34234085610452375,0.7094447720375079,-1.8163539184907656,0.7233810700919079,1.3955593398896766,1.4239034594115272,1.0350163156741266,-1.0406995919038569,0.4035663708208051,-1.5915855113317758,-1.0698477274810019,-0.7445675203609374,0.7078904059720516,0.3640499606152213,0.5154494906463832,-0.02530344033163125,-0.6934047957341907,1.4909599287617774,-0.09280129674570467,-0.702496031786993,-1.0143461181950961,1.159226935328754,0.7085737790925313,-1.7241088732505794
Be,-0.5301851146082934,-0.45349388953205455,2.2150553700176463,0.2887741546984385,0.20750602176261893,0.14661924882712365,1.2082617130762796,0.20046211130926309,0.16748004314681567,-0.04837362659482813,-1.3649018174763472,0.4524418372907359,-0.4489183101160862,-1.634791991069772,1.4431129518627277,-1.3546474696092103,1.5999402581826274,1.2618184712441978,0.30639788074423024,-0.7408810880276749,-0.4017778002839744,0.7167634065199987,0.17255903361345837,1.191312968147802,0.787933215725473,1.6151526780070642,0.1290186019886106,0.5254555925247014,1.7104802967226127,-0.17390542341640786,-0.707624432010867,1.0848773028316312
B,-0.9087173208669601,0.3754146608338617,0.6688849781932369,-0.01609092831733005,-1.460937468330792,0.8576263347684235,-0.38287931884910553,-0.7787120059923571,-1.9443747566557288,0.7584807777155322,0.21168806625612097,-2.0311613639099195,0.19655225782615376,-0.6103207061237987,0.11527455859171261,-0.7002158184294511,0.8434780644144996,0.45062576408598304,1.8516418239059886,-1.6186833939680685,-0.6001528882622392,-1.2943234305809208,1.497101042819202,1.3127712965825955,-0.30732378749442324,0.6512026516199433,1.0620796944870852,0.21147369121454757,0.0024825595533564675,-0.12582402063377865,-1.0718676276826788,1.2951654510666912
C,-0.19121937999140307,0.7780857336282212,0.6002576046235728,-0.8436787408221266,2.1536703595325304,0.93726012865479,0.2796444018498519,0.20313141671055296,-0.4767986339145893,-0.1975524431005699,-0.16580698798064325,0.48865131408756274,-0.925156924948411,-1.4595235827404245,-1.8813836209208346,-1.743190636068441,0.9191009393072079,1.0326907256127629,0.24886011248839904,-2.1109153459363537,-0.015926200073551916,-0.15749262173795409,-0.8024482545247965,0.327479814413341,-0.3691920264125152,0.33301233108082207,0.4106048087438418,-1.6797640932952183,-1.7817041047600801,0.6508898373561604,0.21537999036535474,1.1468080379326768
N,0.7588508081320771,-0.8279474452935488,-0.6388399833619958,-0.3206837318560429,1.6037181508863094,-1.1794473168536486,1.5415576917384153,-0.0794085444609494,-0.025046481902056203,1.2163763697963317,-0.6024832768593955,0.42451116492588664,1.3659199604935746,-0.03364299711560707,-1.043597782354786,0.15417305598223932,2.0674459350750785,-0.716111635063055,1.263149644200549,-0.2471209893806121,0.9567801669546986,-1.2127453313711019,0.8283171637313174,1.5367404396425404,-1.3133219503939557,-0.24839518358364684,1.662061997613499,-0.9630515501931943,0.7481001505673122,0.3270136684770578,-0.8694841856817186,0.7819212672476413
O,-1.7187765241557826,0.39303881877493485,-1.1840857743980253,0.2515464249873134,0.5283763318266747,-0.9083845654192058,0.17940580458016384,-1.6086028298707284,1.4594707004911032,-0.4134800637972223,0.29939641586104443,-0.3308593386591791,-1.1749710270372598,0.2673109476795552,1.4559630064892528,0.5413018093197935,0.7535965854111116,0.9785796929971742,-0.9996947859106871,-0.8180378344826505,0.19250498162608567,0.41945333355941045,1.3962355362047794,1.9301071468220035,-0.837038643864845,-0.9717239646181992,1.2160020696541562,-0.5595349306935486,0.7662178538068404,0.25967368582028216,0.7719857275798089,-2.0132484923380933
F,-2.2115169751578474,0.7567162487958733,-0.9024413546794054,0.48838599311575864,-0.6293945793297903,1.0801492034490283,0.4957685623727776,-0.5482672935385022,0.3732301479813555,-0.48719803402016876,-0.5980492066043469,1.0029323624096889,0.40754216615589645,1.7254515055571071,-0.7879879313657895,1.2291539760998684,1.7023995119693107,-0.8225220574253804,-1.3827946530619346,0.3501589529757802,0.9233699931810024,1.0212271225263911,-1.270327715731918,0.8417234812917135,-1.513336224742979,-1.1552574101054478,-0.4299318636718369,1.52787460373515,0.7875173102979325,0.07868602683419933,-0.8447512663063659,0.5714570491142925
Ne,0.0,0.0,0.0,0.0,0.0,0.0,0.0,0.0,0.0,0.0,0.0,0.0,0.0,0.0,0.0,0.0,0.0,0.0,0.0,0.0,0.0,0.0,0.0,0.0,0.0,0.0,0.0,0.0,0.0,0.0,0.0,0.0
Na,0.20102175584872,-0.7940438233697191,0.003760656210770633,0.3195148965171891,-1.2839906841199684,-0.4211538860463029,1.2160669974922222,-0.8513856523005133,0.7888221122647325,-0.3332580081120391,0.19050357213413308,-1.963572393929047,1.636974002580891,-0.6351652937958222,0.08468391206314296,-1.8533304525472913,-1.096348133997722,0.4360888285050452,-0.5133113895501409,1.5634499712231456,0.5019889101763012,-1.1903631696076726,-0.0908732057915065,0.23476809850987077,-1.7382998921255448,-1.3185055968446209,-1.0475364268077616,1.3283436633850838,0.00547768720154017,0.2743841894505224,1.399264786791766,0.9296705813830153
Mg,0.8221680597516445,-0.008072019364868427,0.5611660604986297,-0.3768491848954015,-1.971056573724789,-0.9149349851483025,0.1830318194946921,-0.36065408589131925,-1.0928121214404418,0.5166616548907479,-2.236131155314971,-0.0345601599172401,-0.7955666722801248,1.0413239051573702,-0.27967110795896866,-0.02091512141451917,-1.826300617053385,-1.0867231257682919,-0.5292769051185156,-1.0072227226177857,0.9239824629040742,-0.8121140614475746,0.9359017569848019,1.2751843527966176,0.981739052481463,-1.102875034053459,-0.05029143166061432,-1.1110434933221287,-1.0710272774815137,1.725062075115469,-0.9725097485598466,-0.3965089919680028
Al,-0.9301170910038791,-0.6474117006696379,-0.8601323153991145,0.5458602358450767,-1.0124797197499344,1.6479112196635382,0.671044191070467,-1.2716059390994647,-2.321907897856325,1.5057294771382275,0.01745559393473557,0.46749839272807614,1.0554057139467743,-0.9570485143059552,-0.4733800933445794,-1.178823114675563,1.3531004370760655,0.637798895815298,-0.6680493370872954,-1.5844256926630478,-0.3850690191220336,-0.6083774029900828,0.9179375967992746,0.3048564307560935,1.8443419939211063,-0.23125766579631066,-0.9207101333137314,0.6985166657348091,0.22544109162784493,0.1855220090392982,0.40793872228656897,-0.3649899211675844
Si,-0.8656236922829964,0.9047615664042651,0.23181509045088833,-1.8399572451812536,0.17808854887822584,0.6163424807297877,-1.2653690148687309,1.2867482448845695,0.8553836818370456,0.5401535601075248,2.08230138636919,-0.1652517548471421,1.5376887324427757,0.6727167956931652,0.2238614283891933,-0.936946446879258,0.7708084845028672,0.1275829723271967,-0.60571697152536,-1.8873887050399947,0.18846983527124803,0.7367450708717496,0.6892128392670474,1.3189016844553532,-1.3039351892682767,0.3035074839413843,-0.9349484059298194,0.9188720211816096,0.9852654168717774,0.6015610047790947,0.3315461309001027,-0.8789807663420189
P,-1.2862193179918013,-1.1639806428899055,-0.7449644785456494,-0.712396342868235,-1.8954162057554285,0.043175206284324974,-1.8330286176346113,1.2854021874035282,-1.3316389220285638,0.4711203410418639,1.441129034488679,0.4004818977772562,0.28241978376075877,-0.35942030985702406,-0.3650643727810536,0.5041755669343715,1.3671376075211907,1.2211626621772516,0.7300263465756316,0.8499099046337539,-0.23877204992475823,-2.0599842896526495,-0.5858875987985335,1.074443129462379,-0.4426463167958172,0.11332455291796653,-0.42251375881433173,-0.05906621611885618,-1.3092613593747968,0.300037064125744,0.7063372167340412,-1.1198467792096956
S,-1.2165898506761341,-2.221936219083414,0.7788581369849235,-0.006788079149545973,-0.2856568118415662,0.7422891051245896,0.29587897659074763,-1.2716972862301579,0.7192532288141237,-1.3514381155748691,1.2209823047787698,0.7006716174847611,1.1636762109425045,-1.426081012213376,-1.011905611508951,-0.1744364270818517,-0.42286381815846263,-0.5382328269947091,0.90542565047937,-0.8953463042681024,0.3750708274491867,1.474175768028068,-0.9292108191616767,1.0802632393626288,-1.4524220760397761,0.6374749341359834,-0.7758624404934581,-1.241445376124524,0.9928183828590347,-1.3077578066493725,0.29385965485929105,-0.8633038868402931
Cl,-1.1091391602388947,-1.9814525801512595,0.3739270057868773,-0.10041729892499933,-0.5411215566061317,0.8212161988904696,-0.6612300957366377,-0.4646146322478551,-1.1421160538802737,-0.5805360685695422,-1.5042212701282398,-1.5832227243409778,-0.6550786818212696,0.45712162314304194,0.7708756005494407,0.6193693350386843,1.4007119651550708,0.4352957698246397,-0.33787197814645664,1.3261996438684316,-0.09618171257630244,1.1239420622110976,-1.7368261710443642,1.3406968903366607,-1.4487749508408791,1.0308199771996078,0.37700972221476925,1.3351449820849575,-0.7237530164911784,0.03886049651551378,1.656109695641,-0.4758097200308051
Ar,0.0,0.0,0.0,0.0,0.0,0.0,0.0,0.0,0.0,0.0,0.0,0.0,0.0,0.0,0.0,0.0,0.0,0.0,0.0,0.0,0.0,0.0,0.0,0.0,0.0,0.0,0.0,0.0,0.0,0.0,0.0,0.0
K,1.3405436760948348,-0.9425615527604536,1.2750063424177083,0.2432822225050854,-0.3243112297196905,0.32773605273823764,-0.35099116374968764,-1.3263372904065762,-0.7282088472228175,-0.617859182080071,0.5894895700776048,-0.47612436960549986,-0.741989393193751,1.521177062795542,1.2228813895893687,1.3762596856261606,1.6792179848241287,-1.1667835078039017,0.26091294699286643,0.6231490854868788,1.06216263778665,-1.4042025331961576,0.769682305050099,-1.3399589715727607,-1.2332537217137989,0.23309419298030565,0.4884516245575284,0.6634669537382779,-1.1582330366935538,1.2912449819658849,-0.27468031396601394,-1.6307073591339585
Ca,0.6283344492717927,-1.1274801265881156,-1.2443210113790555,0.4234309572939061,-1.7581273420356311,0.6080312578889446,0.8169189812480816,0.20181266385823635,-0.44377619714655336,0.32385018519617936,-0.45751665615627624,-0.1523928354727341,1.7561789323719879,-0.920973425036142,1.627954264413943,1.5394627096709508,-1.0081348602990385,-1.0097858959556427,-1.325511967845626,-1.4919278743126787,-0.5399308906565805,0.02440806044717129,-1.5757976470834514,-0.14855851607383733,0.35015266792178984,-1.1942935388399325,1.173593120573437,-1.1529715314152191,-1.18830114481329,0.15420170228665278,0.2920328938020876,0.45667850217737394
Sc,0.10058785488828971,-1.4849478655289958,-0.34133549871714364,-0.6479833594360345,-0.680897163752477,1.1367138876720853,1.2727950439568065,0.5188436542875807,-0.5026538494342406,0.16718998981607872,0.6831177365456793,0.2871516346844851,-1.42261749223972,0.4526142753242772,0.6835922398141117,-0.22090854635562984,-2.088053198874645,1.5311986547474783,-0.1817067396516162,-1.1023313956315826,-1.5599218829426942,0.05028469721349542,1.359754862365058,-0.12614085359046684,-0.6854134812874899,0.5479845131586394,1.3805057054152103,1.035816025902388,-1.3598735493883163,0.0838831191051351,1.7135494039972077,0.8074579204806528
Ti,-0.7895223193676856,-1.3097083707119332,0.14627435943012104,-0.9849635986330557,0.3848983421119657,-0.11372019692505214,-0.2757345193441792,-0.1833951697440561,1.7679100032539075,-0.17585746614930975,0.586438447416129,-0.8156252387233559,-0.07600790676716063,-1.1939938788045505,0.15020371570862218,1.6216278912633875,-0.1765120740054121,-1.6594466890270612,-1.4288089737651628,-0.7015395144080366,-1.269284328576499,-0.9981265999729371,1.1893998256328975,-0.17695005162892327,0.5620478555624838,0.9162972455482268,-1.7033100973314417,1.2731075041357325,-0.2207229956977956,1.6576132905836936,0.050348845646389785,1.4410532951187671
V,-1.879560232759119,1.4421314332645994,0.7343567086421853,0.07328355343725877,0.12098185436648266,-1.783547014358168,0.06694274385933523,0.14912420732789117,0.5651520709189776,-1.033609301864841,1.043947320316349,0.8585906690869228,0.08109592602525027,0.6990249985714232,0.6625139673632214,0.7380029696462802,-1.4765567930543009,0.43562395113358615,-0.6346418203017987,-0.031916797082384374,-0.21449709365541914,-0.9811253836332678,-0.20949876169367615,-0.6410747149635941,1.2348955204013707,0.8933248718558034,-2.0284228350506024,1.6157848520600355,-1.1183917795392269,-0.24073480718902057,-1.5532255076795694,0.561646466287035
Cr,1.2532446537589323,1.0144264168256374,-1.1889668043305541,-1.3976494710710405,-0.187388881139058,0.9976241534860754,1.2866705214271321,-0.5857407224121355,0.18632293762635313,-0.6855609236981539,1.9000648330572492,0.4664125358181882,0.9452277543973809,0.2536217946982027,0.08449293004499261,-0.8743948578765038,-1.7160264729861734,1.0187081322476421,0.8959823154286614,1.0862847869469745,1.6321708938682227,0.6178502362743555,0.58507063145907,1.4223588019777256,0.8875357497938291,-0.6329252569161332,-0.48005612274221265,-0.8926869457332441,0.7510620602810351,0.8193376480574176,-1.1598368413517215,0.09539482862609723
Mn,0.3461907118294189,0.11909343575656102,0.02964817718477944,-1.95086095640164,-0.4339842655259885,-0.2535706553414851,-1.5083043053316103,-0.42692007460864595,-1.91811685067502,-1.6518755075036335,-0.14565326238936685,-1.3805353902474347,0.4160252200491561,0.2209525669213024,0.7043407682011709,-0.406679856614496,-1.5631027262635895,-0.7525020137774627,0.8424705700994433,0.9387139050712054,-0.8174187717192005,1.1885918433650935,-1.6499170238392677,0.49320409091934414,0.8893432898054237,1.0548759109925943,0.2673497534786597,0.9917065241058044,0.07566562064017483,1.1578514872868602,-1.3502114029733745,0.9222393564647747
Fe,0.25392323474672823,1.1714815785813533,0.3572561365608335,-0.24380917671595662,0.12510602757173714,-0.5244000185721102,1.2596098413989445,0.10392749099393273,-0.7587471533093242,1.755253305815562,-0.6557366752347202,-0.6385399800811353,1.2822535401109008,0.12424960733468406,-1.7214210232760794,1.7521825474149013,0.14673427912644427,-0.10520611022017677,-0.7556658167824098,0.3939305397231792,0.8139473439268728,-0.11063369981902181,1.8316509265839758,0.7590211244501974,-0.3770421208092013,-0.6246441788105489,-0.8589106868079134,1.6018121917166492,-2.148202700796727,0.2713676381533152,0.659760965807032,1.4716379595162705
Co,0.03404547357318624,1.0266044019363452,-0.22236624992448217,-0.004903841421694294,0.34201300619029196,1.309771574897336,-1.6949370986694936,-0.38726057929259206,1.6236662085808937,1.6263731950166675,0.02578446905813901,0.06451830250703691,-0.19692143772849158,-0.9437192127745427,-0.15943831097527297,-0.3520374061581129,0.4211069372765914,-1.405457668044096,1.6354690605646918,2.34653125619894,-0.24121376730916716,-0.12033730325326183,-0.32021332310127826,1.1905625920981553,0.3602575242765119,-1.4195413668380574,1.248666079881795,1.05590793784757,1.0276094018308912,0.9742501051144545,0.3969390112306997,-0.5937748665842206
Ni,1.43110318152406,-0.3310057763375046,-0.8192400957568585,0.5023636751905352,1.2648303256854365,0.9900559834925567,1.248160444060409,-1.065820091741374,1.1721019505352153,-1.175157075362229,-0.13214957634613578,-2.053594480691499,-0.728193681483517,-0.644390607585276,-0.6563857454713324,0.6354556008408604,0.0004630670650915738,-0.07951342854493833,-1.1146995942823172,-0.0377884865617992,-0.9477812013159892,-1.3529253927814044,0.2731133728580888,1.4566716927789354,0.07286454079826953,-0.6989805411737624,-0.320174978703252,1.6491438813806445,-0.44312259844125823,-0.11879918843954536,-2.0954053355816344,-0.7293975338735841
Cu,-1.0174005990447097,1.6310760912377802,0.4484190906707425,-0.6696388757826058,0.19293929529538414,1.216800086568119,0.02336864385104059,-0.3585706445369575,0.039906401447994386,-0.7064072541713258,-0.8489339477700574,-1.2903920369007371,-1.422658625250401,-1.571395801259448,-0.904288840619091,0.9236573154538696,-1.211238735153481,-0.5146440608603995,1.2363477924842412,0.5739346626581991,0.9198665268110385,-1.6966496337011021,-1.1422978722454011,-0.7819166326578111,-1.0511360878710394,-1.0198552059431023,-1.351030527635558,-0.9839044945494608,-1.5541599460585358,0.2030329482444193,-0.7106262484209294,-0.5493693766663479
Zn,1.7975120074541668,0.5084622387896072,-1.0384668261200223,0.2893919205180557,0.010316677789636276,1.764234921851088,-0.9552216703057155,-0.12430416293871627,0.03247336339348613,0.29073513435513654,-1.230376494830363,0.5446546155877581,1.5452119672646898,-0.16082168338311542,0.387260506849019,0.040066381007953816,0.57972738969319,-0.7330650814362685,1.4631428747083193,-0.5181898875155658,-0.5835793345646988,-1.438683489223038,-1.8331327842890417,-0.2699476355818815,-1.084214226493208,1.1846662883193808,-1.6310678641139524,-0.8058438018587432,-0.9121888709816148,-1.1931958566053187,-1.3326562196332263,-0.22274499249247254
Ga,-0.08005739127568288,0.6001297984731262,-0.9685697936575205,1.304506946100342,-0.8106067340995248,-0.5229556576385574,0.3037585554967231,-1.432755975094274,-1.3117047590824764,0.986948430290938,0.22369110543456772,-0.11700673143726582,0.5805723658533741,0.24451115744809832,-0.7572320326706405,-0.05880124355379293,-1.310220936800561,2.0990432297527493,0.9117748168608562,-0.9296146278347465,0.40896697845712826,1.5337734961557357,-1.2225672339729,0.5955562485950444,-0.5186629776555957,1.1186231129093578,-1.3056790064217116,1.4464644075212814,1.2950172843112624,0.49863628623642453,0.2817083442624434,1.6349137463288523
Ge,-0.9661299999236076,-1.2228341517539978,-0.05485798743279356,-0.7675787467081361,0.765415471626548,-0.237356377028593,-0.16142524426006985,0.4532491436071743,-2.0220915333799696,0.890603861834733,-0.994370419733446,1.4084502885290697,-1.0207119532107902,-0.7098175586273872,-1.335262666366346,1.8341345067609143,-0.1702432810699317,0.8457291499747522,-1.2790562521031126,0.6325322145454815,-1.1345046101693919,0.856367902690783,-1.4253298309529105,-0.4909741681995592,-1.3255711883667958,-0.2563620232980189,0.4938637372193198,-1.1437573690911875,1.0918154865145417,-0.5200506959350245,-0.4793930817677654,-1.2067196928859125
As,-0.4823296589598333,-1.2178773957266353,-1.3838299211840321,-1.0558163960132856,-1.1068902432375896,0.2647928063375092,-0.6747603465099116,-0.3592809087197391,1.1846547743151572,-1.038667278506326,-0.7862644594790779,0.5643588830690136,-0.4333195860117177,-1.055290301975405,-0.9080971333382812,-0.5488711157366085,1.1467331080844463,0.9399848626710293,0.8615693272354963,1.5111664983172235,1.2040214235683753,-1.4389765614966181,1.344760167811557,0.1617466149724287,1.4057546239507834,1.2165640293978495,-0.3964859685021823,-1.3423018624101706,-0.9533071147990748,-0.49307116320101646,1.2644457040984736,1.04130380504776
Se,-1.8945812063626182,-1.8889451427002688,0.013916765325711143,1.3594854641952214,0.13210166355020134,0.2816678770145021,-1.2465281066176073,-0.2305554401303947,0.7012274033886019,-0.4341810685116077,1.1247599339784342,1.4540095083569151,-0.8003914795189954,-0.4443219224869583,-0.5812439880896839,1.0546370974482062,-0.14577165621560026,0.8320776652595557,1.1818293542399345,-0.024553790588369723,1.699808896536694,-0.17315763474174997,-1.1583768108104482,0.9739957938081549,0.04418589801906739,-0.5718871519791094,1.148671006025677,1.284581850948379,-0.9927347592734227,1.5113599551252779,-1.1285862445352883,-0.7843266274636841
Br,-0.9543407751441709,0.08206839952096616,-1.2038538954452278,-1.5987553167346025,0.8095116077672432,-0.19225089451454835,-0.6624090238103968,-0.4373372914750608,0.48187949984317274,-0.9079008274590976,0.481253612009246,-1.5067943166912992,-1.174887665696798,0.4340133067835366,0.13161796236797027,0.8846208031952795,0.780913779144815,1.4398655214980398,0.43780342466573,0.22497485162492825,1.5244373709709282,-0.03114297625145236,-0.6535112976548856,-1.2430903406713127,-1.8117314648302423,1.929998790719918,1.8060232277742259,0.9165522849200203,-0.15706953045118102,-0.9626343302235262,-0.4964227126337015,-1.0669765764943235
Kr,0.8057776231562856,0.6520471640127327,1.6742349405313546,1.3553170929833955,-0.876173188028477,-0.17595705459947558,0.5603088238325182,1.3724827246216005,0.6156696532931755,-0.5014603515165685,-0.4812811813101072,0.46943814248673654,-1.0457316943924047,-0.6764729682752788,1.3823006467367298,-0.6736089797250465,0.6597738049515394,-0.3212833451761936,-1.0647353473272367,-0.5510669587083822,0.7103680737111346,-0.9789489397631046,-0.9191676045485893,0.16960843125529793,0.04118119349918786,0.6563894579283174,0.5645584036295943,0.5550118245999981,1.7469409709544357,-0.8626333395645686,0.3411848152126219,1.0484273512621367
Rb,0.3949805592236049,-0.723662325001075,1.4878109124271919,1.1658885383318125,0.7444581853706326,0.6106403814867423,-0.51573021277913,-0.2932605704406537,1.5324795230683146,2.3499922682873664,-1.2781742246407601,-1.1343819377288433,-0.3950366191931889,1.029293437347372,1.0582894939341154,-1.2146574563384926,-0.18454685410932561,1.6173582492502185,1.0449513984172971,0.5663434057399803,0.632573748965655,-0.42049341963102643,-0.6812609540719509,-0.17684763912648374,-0.3442867521262536,1.4074851849911127,0.3629678997629503,0.8595080956094108,-1.5754498183093193,0.4590075642023406,-1.2564645058973531,-0.7428294044964959
Sr,-0.653536963333395,0.8960470329950679,0.9643897463677563,0.8637576457543988,-1.8360719707844193,1.4631483470581566,0.5037083379659094,-0.8426662324201788,0.6904580425396767,-0.17786861458276276,0.9607785018430409,-1.2253908991005713,0.593517495239822,0.0909625715645434,-1.5155937077684325,-0.3366424563347245,-0.8628401275927134,-0.6510920387643218,-1.1256766029519545,0.2224052792481697,-0.25640495202515584,-0.2553185093138569,0.711951411714463,-1.3849556110926846,1.154648251114616,1.5527556217673542,1.3529043883718694,-0.12271326960305069,0.8503403042960159,-1.4494302006378534,-1.117687570802776,-1.3540246425429272
Y,0.3219218714104007,-0.09139901356260959,-1.462321466246025,1.140655453544549,-1.1113614969694359,-0.5444197639243203,-0.43598309020198095,-0.655848064944951,0.7117896829044023,-1.624984326413055,0.6446967683089575,-0.5915564076849037,-1.3628562076862145,1.2618047391318425,-1.246987627498372,-0.42169378866136775,0.272198539050378,-1.4666055909462066,1.2769735362753059,-1.8179653866715728,-0.6377490310426664,1.202008918558561,-0.10027186349526086,-1.5095226642393864,-0.46895208244680403,-0.2847840827762765,1.1304353822863749,-0.507054635486247,0.7198854942111569,0.9149838925993429,0.18667043597874938,1.2653243309259143
Zr,0.24498502621393545,-0.5674767750984062,0.09820963247266222,0.12668452088077897,-0.9549332807717112,-0.09296364783003033,1.317681698429685,0.04929286335648532,0.7364948919583523,-0.26560550122169413,0.8112577184700198,0.964728357990647,-0.07580893934232967,2.1525943022648937,-0.9952962156088659,-1.6219895013146841,1.0072051388597087,1.102614567943892,-0.8900372040740906,-0.5164960011750891,-2.050352369915571,-0.5194840336784046,0.9620553379916204,-0.44254845401133847,-0.27862608215677837,-0.5745302049677787,-1.1971029597610372,-0.727029803196873,-0.029763668222674382,1.7933015722678012,0.917966985553724,-1.669641996787426
Nb,0.5962114316186576,0.8301163809944198,-0.6782018101841545,-1.4118977308676635,-0.17079669289561683,-1.5180515236980519,-0.03750833153756569,1.0696314398556832,-1.397551319586741,-1.7721006720064085,-0.2439357881493323,0.47700109874913177,-0.4099030644150907,-0.3702849531694652,-0.9188722371537763,-1.0739133485362042,1.0424273973230629,1.498435312480408,-1.9925063439598254,1.3164520862742204,0.7388959209178073,1.179776298033599,-0.3557994398124948,0.11626732394805,0.002507408924579779,0.21692286677150477,-1.2755503915451276,-1.133169610809672,-0.517820554086832,0.7342679220425078,-1.138596173859721,0.38072190764805397
Mo,0.968137152748112,1.6922503764318055,-0.16204666459108766,1.1152945017538676,0.7086200502842612,-0.07264402526213387,-1.2621391274482487,-1.180688457654738,-0.372893900215715,-1.6136324099516326,1.1341582099870322,-1.2967892517908246,1.7279907631728224,-0.7794725570912435,-0.5437972214278171,0.9586327275528171,0.367295969304984,0.5271703177265233,0.40891370352265627,0.15253099657160588,-0.4645488542167878,1.829099699247409,1.1550194646420908,0.4414918380943513,-0.12913003143089327,0.9699229207245859,-0.617712158560398,-1.5269948493878835,-0.968900693580247,0.3495466744199539,1.7043738618012063,0.44356971903672093
Tc,1.585678790114024,-0.6851499910387804,-0.9359563621374826,0.30323123784190614,-0.46132310390002307,-0.7513920608367959,0.19579377236742943,1.060396986685381,-0.9798310918314971,0.8694542729531468,1.6436069083990237,-2.037144159038821,0.022993442994617946,-0.25319145948223715,-0.30445635937901094,-0.23296445106099142,1.3392900661085587,0.1614693658775564,1.0849712198760368,-0.2538238847673515,1.2787915213082774,1.4156170017404597,0.9896160988243821,-0.9347196055783101,0.29530177537609403,-1.4188376577467203,-1.1948306133517759,-1.2891948598755327,0.0223609381415569,0.7920988951478086,-1.3317633983080233,-0.6881043024467209
Ru,0.7476446782301683,1.1380398882487266,1.5584237217596624,1.2664120346765402,1.4952135685607681,-0.2935908945046868,-0.12654161350625598,0.5550584884544341,-0.9287511091587807,-0.04971956396254142,1.8735340085581085,-0.6254321488046665,0.5131639500489086,-0.327005898930082,-1.433470153078326,-0.6309273253513336,-1.098580145667192,-0.9806751843702606,-0.946538614465021,0.8700875377904106,-0.6288321191058124,0.21495961009643935,-0.8673017637942978,1.604669844188642,-0.5990945749679507,-0.5404902960112887,1.0124489182965124,0.45369231797063175,-1.8541204652009429,1.0905682362882023,-0.4370973947761827,-0.7933023470941089
Rh,0.8021625563034944,-2.027131648425367,0.9861764380058302,-0.7759493046407306,1.1707402088356194,-1.9982676760636915,0.10493332952373699,-0.8386530106453216,-0.12850892960662924,-1.23100514942878,0.17405695552528286,0.05465267609881578,0.298134265815845,-0.2456441910536196,0.6471562433534371,0.8172723972863671,-1.0874662376793196,1.1389360171279157,0.23755508124909966,-1.2221776676942642,-1.7178211247421542,-0.3594603177417912,0.8747989322953976,1.0573660327814787,0.8443161206028351,-0.08853241283052556,-0.23141896394162445,-1.263587508085993,-1.1670669880239621,-0.3719503934007479,-0.8427609134304735,-1.6171700522304127
Pd,-1.2534990057815911,-1.4700021514831325,1.0641083330485088,0.23359284684798332,2.0830222345496665,-0.3043678846019324,-1.0236094767166228,-0.5046525697542482,0.2615660149974366,-0.6535419692467305,0.18032198008350614,-1.1976820555613492,0.03370685026423964,0.32271333329213353,-0.6197462894942538,-1.6902728885217067,0.5417841997007925,0.010522446924725475,-0.7896587908939094,2.106063423436696,-0.8600226447830529,-0.10647602035215378,1.4604620509418265,-0.5099219887159598,-0.38961971593792016,-1.147594399781499,-0.8152931820712737,-0.8267356850319508,0.2487698279156402,-1.8488073788408295,0.18150392542581517,1.1583595560695348
Ag,-0.9531523079220421,1.1252482324733524,1.5840595227227847,0.8136477651706235,-0.12909678236864067,-1.5659758297575572,0.25175667198607754,-0.8259009036591498,-0.7285262284679823,-0.12303175376450261,-1.4561194473674521,0.754587271525483,-1.2044051323209584,0.19564291124520364,-0.4642061090250862,0.6052908078903333,-0.13119247767343478,-0.6968012737166968,2.2268294511084545,1.0301779704503244,1.8402947393836104,1.211327519434989,0.7903218253863152,0.9674147750755834,-1.161645068063152,-0.5661898668042816,-1.2270986849658883,-0.265010488991545,-0.5310180179306073,-0.7941983480333815,0.8409621293518676,-0.7175090062837759
Cd,0.7067231932076613,0.34343328927722766,-0.28956057842572586,-1.0390802376328148,0.8249434632385012,1.3127558495166123,1.1256998580349686,-0.5554958512885657,-0.5830330543334832,0.9142775753600899,-0.8918155860738526,1.2322991475707505,1.1554432758294575,-0.7104099904960358,1.6260748760932295,1.0900038601614082,-1.0252170934016551,1.8162453134627623,0.24029826144234978,1.3409160265513855,-0.23979748590900707,0.720337638040149,-0.3811175609520454,-1.3167787932051949,0.21270069046134135,-1.1746802605541045,-0.7471512552028301,2.0843500384640326,1.1989960812952252,0.03991024452940239,0.2853871109915541,-0.5789612085386566
In,0.9767628997069208,-0.5523177515473715,0.434205268140395,0.5221813629901786,-0.7535845616589655,0.8045463457618645,-1.8992350146100179,-0.45445949350621884,-1.7061708402405664,-1.2840231279702974,-1.003392861947066,0.45997071948477364,0.21735495071510796,0.6783191834268354,-1.64931385517313,-0.032849911931401306,0.11727883615456529,1.5607712130080367,0.2445530801927349,0.612524996438973,1.109248389152982,0.07563427371437208,-0.4376700838525781,-1.0940462917075007,1.4515655315122709,-1.7940425415421999,0.6616795524632659,-0.06771517353659756,0.6224104731698187,0.6173693631008529,1.8676849068740489,-1.0130356326208279
Sn,-1.0850275298720935,0.22053259622967805,0.8527868266803533,0.664652637246837,-0.6369451465696572,-0.9139265402022965,-2.3843985361908633,-1.0813515357560144,0.36579292414357567,1.75252443890756,1.281917744086365,0.6280460895551372,1.1697988190413833,0.2775636974410997,-0.46068143398939243,1.3267048705204734,0.048900640018010595,0.28575354759687766,-1.2804932812894365,-0.31870761116931146,0.1546535366970016,0.17850417393439766,-0.26799655171994774,0.0866674471411839,1.4938972915530513,-1.041200047049773,-0.5527642909684383,-1.7609726248933368,1.0567040518009925,1.3310592455308354,-0.9712284770340311,0.9100122576484594
Sb,-0.7436177906122734,0.9509118131141081,-1.3775318298842079,0.8616115524536487,1.8922600323503456,0.629364196472912,0.4227457632206962,-1.8069828576542362,-0.4742320493796218,-0.15507429444760487,0.6780516726927031,1.5564165656155688,-0.6508256912203337,1.1051035775604774,-0.7937576569392646,0.4764575809321075,-0.018863878197339763,1.7258511033459916,0.6874347635300886,-0.1081504292778,-0.8722686183499304,-1.6282718437124846,-0.899455405592167,-0.7529636256450281,0.9577585692354031,0.48245603998176917,0.30732249227192016,-1.3154577767243543,0.823091306804354,0.8668993882713286,-1.1309568297295172,0.49848060484417883
Te,-0.026219539933983606,-0.703914073122747,-0.8157483260467439,0.2315165789427347,0.4232044025461722,-1.8190183321386375,-1.3949483562998903,-0.5274082141445532,1.0850000572981564,0.6870918996552903,0.5818167574260061,-0.014613427272551731,0.8032315004081708,-1.9134397456673782,0.25936129487428583,1.7140270585431785,0.2354695923661822,1.5948164277332244,0.9836486023726807,-0.770064603492856,1.3817571935788207,-1.0601902216633496,-0.20364513916351296,-1.518233914605088,-1.505070706273545,-0.6842916981395986,-0.925693555015337,0.07562414757709592,0.16483172182624484,-1.37125470172383,-0.7448906112045883,0.6819392188477602
I,-1.217517894069901,-0.3088998965958564,-0.503459230937617,-1.2731480730336178,1.0104056049970884,-0.5018922186710431,1.0082692960157835,-0.4126949887516445,-1.0279851008699337,-0.19799758111629487,0.9633165343679492,-0.07532366393030546,0.7613303675040978,0.2721355840526315,0.9592530656762891,1.396173257051275,-0.8858256248876295,0.2348127520235912,-0.4975872332072711,1.3753678779296243,1.9667022010205573,-1.2310995735822745,-0.06692667067721256,1.20245078730241,-1.1119198415093787,1.0540149047827543,1.4938205872159214,-1.5307203016726845,0.34984782842166634,-0.4221412803406462,1.717986081836949,1.1151348052016365
Xe,0.0,0.0,0.0,0.0,0.0,0.0,0.0,0.0,0.0,0.0,0.0,0.0,0.0,0.0,0.0,0.0,0.0,0.0,0.0,0.0,0.0,0.0,0.0,0.0,0.0,0.0,0.0,0.0,0.0,0.0,0.0,0.0
Cs,0.5024723220884776,-0.23310111820398047,0.14231224054918815,1.4180098364795914,0.1973439256479137,1.2080314281579916,-0.39586556226888575,0.969356992053539,0.6074316910051052,0.032147208867148266,0.7279509244124672,-0.6309133391001969,-1.4688037885038234,-2.266735146315826,1.7225641956888247,0.08830845744155888,0.4523692513771764,-0.8381352915783833,-1.202601586249196,-1.2337754326305073,1.6801091798752734,-0.2595720340462924,-0.7221097352607068,-0.060196303035084546,0.18821439477964633,0.09562387570461638,0.700459469998565,1.1175111554916979,-0.0971224281451029,-0.10685763602898472,1.6267869003499627,1.9266832904762106
Ba,1.4330702792244188,0.40884194816640984,-0.32845873139435827,-0.7070641499266365,-0.08972428759414543,1.2229809382230918,1.2067960282306476,0.9679578099256396,0.5899687676178972,-1.3631548212973033,-1.270482363235846,1.5480796384315167,0.46130320144792136,-1.639097855069211,-1.1559726008229823,0.8912654028114876,-1.3780002930544812,-1.04135383674893,0.013440308546485985,0.49660732914465816,0.9138773544496237,-0.08072287618252587,0.6719956262849384,-1.3375742281866596,-0.9996316877097795,1.1629678513372403,1.1539909306330425,1.3813739326282983,-0.20158996235420162,0.3020434170901816,-0.8676069539450285,-0.7998507281298564
La,0.5966201628901856,0.7948271507471671,1.1413214871978397,1.2061520548669744,-1.435427249972042,0.3048461144476469,0.7254900936557598,-0.27586536327140876,1.1835431367182758,-1.6243990727348077,-0.762350957481592,1.0689440751363517,-1.8876135064894866,0.8974403286794785,1.5508868368339648,-0.00047265678392331375,-0.38781337029208646,-0.3451421454853521,-0.21083524954636781,0.5515798685455889,0.4291482819272595,-0.5254933672020885,0.3295869786038271,-0.023734070957952016,0.8245171092697329,-0.4306904725104676,1.093077962336195,0.45852539297543676,1.7402757770737618,-0.6733389387517903,0.8035407005311069,1.8841318021524458
Ce,-0.291765416879482,-0.15475015078567395,0.42523702691230114,1.5240792521884592,1.2505748358902382,0.7970468859199504,-1.0767216877925354,0.776574665619468,-0.9933860756297036,-0.016835191279484168,0.022048953029047504,0.7798354025084185,-0.4079584921032139,-0.774481287279007,-0.5674706514028381,1.043023007872,-0.18248617724220587,-1.1991202412613988,-0.5909659783476178,0.5572871512909156,-1.602007007032051,0.6357697000822352,1.1620475213405115,-1.4845404020673572,-0.7422635993136388,1.9071062861241481,-0.7321149307179482,-0.6480489340060952,1.2734177519778358,1.5375151827945621,1.4526030362905287,0.46880838955072
Pr,0.384682080452565,0.9910300805639553,-1.298703677684934,0.37513582999750295,-1.3653211265133476,-0.46599254216841535,1.2469223303627077,-0.11863508648755396,0.1849282516892095,-0.22961094420732972,-0.2623061528079959,0.6282949244646794,1.3640389125011352,1.7842696042941923,1.2177934688164829,-0.5361051933057268,1.1048428389533047,0.32093842127762595,-0.5598845743004754,1.1358544032451448,-1.5327020176892339,1.6829061108857808,-0.3013045295067952,0.4004935356538477,0.8048660338432061,1.9411565135419433,1.1565903338289385,0.2386994435074733,-1.4023857762747483,-0.16772906122256215,-1.1728711260071891,0.2716181143617785
Nd,1.234991876952395,-1.7308509722156156,0.4647249873571968,-0.07179009888693698,0.5567820550075379,-1.1771852673817291,0.652584951478987,1.2751907570151864,1.6644223211086193,0.47128849235794845,-0.3891406618196494,-0.4713110466581744,1.7591761072433276,0.5565108566145869,-1.0031699794008855,1.0604419035308872,0.7300822143259385,0.23745601686297474,-0.7635738348023937,0.5033312365921379,-0.7254331678285102,0.7447153069874999,-1.5567860601138808,-0.3244473010920984,1.2535610012661769,-0.7476784771890567,2.1234536813369047,-0.05183122958625363,0.7329514004332626,0.581480807359175,0.4886161160502735,0.5722908191848397
Pm,1.5659044788111014,0.7806118127857298,0.1598302357748016,1.1500807562676354,-0.6670330604937179,-0.32133488075407673,-1.1610798822518567,1.7505574778527162,0.030529631886320963,-1.0734312931168406,-0.3579605037305931,-0.1678091740677812,-0.10501900683677208,0.1409436989535604,1.354225740260544,-1.6176015522632587,-0.10288527566575367,0.17446540702784263,-1.6699238503067804,-0.5853696581672652,0.21174905798796986,-0.7870556437207913,-0.32053754181367633,-0.8629906604267124,-1.3595925750683258,-0.5753905443864792,1.5007201118020426,0.8349755707751221,1.8143718271168783,0.28762887902775247,-0.7906789722079187,1.0378239672598981
Sm,-0.4373512664229145,1.364951395852756,-0.11344774230764047,0.2067927628759105,-0.5023869418942178,0.783139194098434,0.5094034041732461,0.12031391544295049,0.9928643367483798,0.7982016590509674,-1.7987064107259692,-1.4473728436070965,-1.1160979057111193,-0.46236833542446876,0.9259756046186166,0.43385304023470594,0.4508030437861889,0.4620569702626356,-1.0576791586670398,0.8113873432806915,-0.3422444322882826,1.7378036367340528,0.6404728638098592,-1.7119271051907519,0.9788795623785351,-0.3259992628514654,1.0626011441766918,-1.5892932681420222,-0.6660323129412975,1.7558216036604857,-0.7463479330068369,1.1022375259779906
Eu,-0.20173571902161058,0.27251219035130114,0.5733308933115866,2.4006992422032836,-1.0293431646517812,-0.6301670793192929,1.732996649818006,1.4021635600072344,1.2623055752075831,-0.9073956583385288,-1.0995525031382627,-0.14085007705810929,0.8103272145312649,-0.4694847096237313,1.02905938874916,-0.34049990385910295,1.2715678109155033,-1.2646371928269755,-0.489104269509352,0.39756704648494445,0.580831027785609,-0.8047756759470484,-1.3550856814896286,-0.034176441765968395,-0.0039035886850731804,0.4566266211746416,-0.6144320033191764,-0.4849501792834556,0.92316378007866,-1.5805776541236785,-0.04679109553855713,-0.9068955621261368
Gd,0.7722253207682467,-0.7414545120149596,1.0746130148148114,0.24251919611101505,-0.5572719318451248,0.9166413445022273,1.270180831930216,1.5671334123182905,-0.18858071566635695,-0.7271519370205933,1.5531045003602486,1.0825614716615568,-1.2590131736853571,1.3526989513405157,1.447206662381914,-0.4982949772517184,0.7658700623307979,-0.8634480098065619,-1.2404325197992818,-0.6430133626049256,0.8933705073541526,-1.1427123046963514,-1.019670297031774,-0.4392676592419191,0.20013968402133028,1.7033536299013654,-0.1596755262516118,-0.49241889053992516,1.338820291498711,-0.32729024370173143,-0.49062561578055947,0.7023464864325868
Tb,-0.2204014276567332,0.4005092734389346,1.4221848824973706,-0.4308329169380211,0.009343033516163734,-0.44183569253839755,0.7552230589843085,-0.8600936114092265,-0.4316527260582237,-0.22534891786853525,0.10202813536594953,-1.4356189040032448,-1.017194573862415,-0.18690406147548744,1.9964748823693135,-0.6480799257184847,0.3321866352813027,-0.527613516433801,-0.0016738475141389647,-1.1629421919710718,-1.5562425869431273,0.7314153914776532,-1.7151291022211532,-1.9177712157064504,-0.8772330469650775,-1.8260532478494715,-1.0536253292922408,-0.7901069550598809,0.5562085493601131,0.6518366822198113,0.19161631445451208,-1.0559470242706188
Dy,-0.7204154509924444,0.06626062811522565,-2.0113554919555683,1.1974192160395585,-0.32982680489972305,-1.4761490797383667,1.4322762518122698,2.007457877447976,-1.5055728508718031,-0.28051875739802495,0.6312618578898875,0.7903073882046556,-1.8664432269716567,-1.0287691407714732,-0.06948376613064314,-0.6025262098276807,-0.040517672788221375,-0.39193903560260784,-0.6332828300607832,0.4766644346748537,-1.7917284319802087,-0.11107220561002576,1.0918839616608385,0.45001152893373814,0.18994462433080878,-0.564569083367711,-0.627656687714,-0.09336753901607883,0.06730534656192065,-1.0776297436136946,-0.8362058449200545,-0.7473117163393516
Ho,-1.3225144860088447,-0.2539750902841082,-0.34579557547677386,-0.5727602259098892,-0.7750019650963788,-0.49215524178877024,1.3599855171635336,-0.02157834531537198,0.7065544491492893,-0.5601899015062737,1.0350144743090404,1.1658378315825086,0.5293018864800466,-0.762987428973458,-1.38408494202689,-0.9842270947427806,0.4491954859685561,-1.8582853152851229,0.07248864250047693,-0.18608993109600494,-0.2163397320733076,1.1464061095365774,-1.608832068626579,-1.9319386520062702,1.4250842702262965,0.05629404672060015,1.2188665769436315,0.2749832937681093,-1.42416706258809,0.4322760874442622,1.4282543473331544,0.015895853017724438
Er,-1.6459904467084499,-1.0362255539695413,-0.9173725149493582,-0.4321086724964281,-1.0419703487078056,1.35572083718358,0.6151526613499826,1.723021439219884,1.309281892696439,0.372563745876823,-1.240292949670552,-0.0889309649744296,-0.09835146242151803,1.1609250367161854,0.4510052675573637,-1.8359745783287926,-0.7909901034539234,-0.6164972461464089,0.4956733782944612,-0.22647340965206497,-0.4894946113327329,1.3715594453647946,0.29191747558743303,-1.0502808551566523,-0.803350012254076,-1.4302281493653484,-0.6996696445337869,-0.6965473451430534,-0.9654781915968165,-0.2997289435334851,-1.0433010238868203,1.2967666200282901
Tm,0.05364438205814947,-1.0813105116028818,-0.22664690475512322,-1.440159203965117,-0.779587410213712,-0.16623625574249407,-0.3738109583560452,2.176468594303922,1.4417982701638001,0.6476346957221314,0.02357080572082182,1.0603445740945983,-1.366404739156117,1.7920899057183108,-0.44019652167229806,0.5766746204200061,-1.4769054318653236,0.21982530246400644,1.6384927177826882,-1.831433718884854,-0.1399254128008662,1.6629701569659676,0.05744961997488645,0.533339527598915,0.16986579504993093,-0.020682060895268816,-0.11289016739217717,-0.2563077137058037,1.0038834182845517,-0.19803073560449352,0.2825074917169985,0.23207172473954227
Yb,-0.24300058247407616,0.9183768292412634,-1.1806067327782508,0.8571281388664388,0.024185673575537987,-0.04799679158584731,0.18519192999976897,0.8498497597030658,-1.2342310487814883,-1.2668402348025685,0.22088554743389383,-0.0763716059600336,1.3413778111253283,1.4359141980971801,2.0180592578620953,1.1725753502501006,-0.8269414264972595,-1.5923117743314952,1.3515857623260692,0.24450895562076572,-1.3242956184752401,-0.6791529857634976,1.263184825284993,-0.7721867418250674,-0.059919761602436734,-0.15834510765000648,-0.3077975190729766,-0.4933937869368056,-0.2242940134874144,-1.4197180571438937,1.8655947228425873,-0.8662983027314696
Lu,-1.7815409818953543,-0.08111729762632057,0.3402500331689242,-0.9293308500916815,0.9243015450282732,-1.225506201915016,0.4079914063463451,1.7795224386238953,-0.3467530097214603,0.6750803501708444,-0.25102638200389343,-1.1765156667489691,1.0287814442646717,0.23200076937459094,0.9403954618604331,-0.9209347502742697,-0.46352312984326666,-1.1745554894274235,0.770780025919209,-0.7177317303391655,0.8672585237635279,0.9220352597142584,1.5541903510256574,-1.3236514610978602,1.569870100142891,0.9641382227143227,0.8982127789927188,0.7317788319149118,0.4066716444145199,0.8349120866806167,-0.5076583321617356,-1.2507096722669062
Hf,-0.5519643667544346,0.8361150871655103,-0.9254764408735928,-1.61517920702048,-0.8937088978990582,-1.9709724939451496,-0.7346275512859409,0.564524253298479,-0.4199431553196598,1.1842526156544344,0.9752239235556994,-0.3184945689515976,-1.1582304229660652,-0.1498399970475543,-0.10950899235011209,-0.5566101672031072,0.32544226085641914,-0.5397848627735767,-0.13804720606493834,-0.4893705327145399,-0.9471533274311611,1.3192364921969097,0.8121900908339141,-1.1305081660019864,1.4253216303614697,-0.4902886285653438,1.2933754494308152,1.3122477480960117,-0.06583373775568813,-2.3322466952170124,-0.3972000317936947,-0.06618872577912015
Ta,0.916021260812283,-1.5379462702171585,-0.24327570791099243,1.5986775061226135,1.4517887929784796,-0.4337138487058349,-1.767091189612633,0.8715190275950202,0.33139543677947497,-1.6851086529900257,-1.120664641395375,1.7958023510271268,0.8542865265648986,1.0122372685282524,0.6117586711319845,-0.0808093681037954,0.027947282924017516,0.027136509365614594,-0.16431143486845287,-0.4585506520831398,0.356368131142151,1.2222996119206433,2.0752722867485667,0.07609420735331648,1.0394970526604,-0.1414136789393246,-0.38545771045000343,0.7544395804376927,-1.0831822563943816,0.33290195965088126,-0.8385333041981815,0.22982278744745868
W,1.7563958146593888,0.5895739341212872,-1.1573052274321045,-1.5802861475820447,0.2396086370860129,-1.353386156404814,-0.6915628019161565,-1.2182594425995785,1.184118654627739,1.222698461681582,-0.4354746694926037,1.2136783384977357,-0.851519909819905,0.3641773032918832,-0.7836035963965959,0.1854561996218247,1.8024193549844552,0.11273430192845124,0.3099890271015218,0.049498769682463827,-1.4678463439539962,1.0081426516143872,0.24949192220125324,-0.3082769446800522,0.26639243457308576,0.3501980198676681,-1.864559276349403,1.158401490967366,-0.9900189895761364,0.5414627679887174,1.1673862372242814,0.6430626764122147
Re,0.5746017700949287,1.7939621098983694,-1.1490833419649649,-0.6856803128929783,1.287152353206694,-1.5323256246259016,-0.6996878937233666,0.385972911997075,-0.09792214085701782,-1.5778482750333427,-0.6353164086116003,0.45267768278714027,0.7017566464395213,-1.6617835556913816,0.5961014801264958,-1.1259925469221146,1.0376356136362865,-0.6257233154458436,1.655755766543625,-0.2550786718830176,-0.9089510415589108,-0.8545372231530403,-0.23518966139318595,1.1561329590837321,1.7656247146247313,-1.13223267873478,-0.4353984887051106,0.6253185539164869,0.6378444843732081,0.9654226968434382,0.03233871996300403,-0.37123750075895134
Os,1.1012337977161848,-0.15948998112872736,0.5819184099810746,-1.5134259597615256,1.1022324174755231,0.6490832332292489,-0.4222150494982459,-1.044673415853562,-1.7072746821418032,-0.07699658021077353,1.0893059286638733,0.8321511589545098,-0.9128209390341111,-0.2494287507710347,0.08569805807500075,-0.10437809327321695,1.2792193747345226,-1.3750237229948776,0.5688204642671522,-0.5778723708767836,-0.23576623679112713,0.6584551187487889,0.481865533226193,1.0735980188693397,-0.30002440546528847,-1.9896596245161096,0.17865408353438236,1.0519520425102515,-0.7508370473242139,-2.0315707920071193,-1.6645536423187097,0.9638235070895498
Ir,0.7323155543101559,-0.9775608349791491,-0.2111818062042795,0.18952588470996393,1.9253304724419833,0.989406338377946,0.6794999049442112,-0.17601986753170698,-0.7736529218872928,1.2407027832067248,-0.47556722078839614,-1.400814443671796,-0.4688427760045421,-0.30095131257159907,-0.9303235264038628,-0.7482122608654962,-1.425014546032244,-1.7077112595338595,1.6506604870258181,-0.25567631930766105,-0.41695227073625707,0.6592344147138715,-0.5543615284916835,1.7897333070628663,1.2529117900201312,-1.0271496078059825,-0.469157997135429,0.5824940693702206,1.0023424209392218,-0.4472322694498526,0.6665215342585944,-1.3613647434579828
Pt,0.327156423843337,0.1934658779728414,-1.167176909071,-0.9070251138517431,1.0593584993577145,-1.6150715120699102,-1.7478447439946347,-1.254719423841029,1.4113732021931116,0.8015304169426553,0.0940700806146873,-0.65703292147859,-0.40625234950614303,1.358125963742036,-0.11925396154681499,-0.9904845600642871,-1.2693001538233843,-1.0357659371714034,0.34218582814318,0.7854319656508122,-1.0179703263403574,-1.5031777778964617,-1.4915073608247176,1.5620336667094867,-0.20747527725166134,0.4643961315039125,-0.011863133040610034,-0.8686962171593918,-0.8974980949166965,-1.1978009613298732,0.6447935585944022,0.6479731752783005
Au,-1.289489615569169,-0.2525726737334673,0.41156581625012656,-0.8744832325552631,-0.7100369583436089,-0.62268224557323,0.8585357728576373,-0.9820255020521396,0.3353613428815472,1.5058761150247144,-0.6841228043605301,1.4504096031046572,1.0124090515694137,-1.2213576199686251,0.2963247129009259,-0.013612358041618863,-0.657748321720547,-0.7163119788245541,1.2970820326002472,0.7350614233305149,-1.458967889361946,-1.5382688136689304,1.4855620915793968,-0.35820295788651835,-1.8227047059441692,-0.018816335146884553,1.3809759863404147,-0.9702010924877282,0.7182763187235892,1.0104299245647799,-1.1166419238454763,0.26046753956141855
Hg,0.4676296145172857,-1.1724254942734993,-1.4108875781545183,1.1451395002703257,1.081875120773655,0.10714797572399472,-0.9208391434690931,-1.0245851106096993,-1.41876087883849,1.6679098179415814,-1.0208341059160937,-0.1902062942894547,-0.7152947859603336,0.16497525974593089,0.157984194005349,0.8587029288648316,-1.290137133637572,-1.379001454941373,-1.2714940346844195,1.019398579149692,1.5006117747973242,0.3534236261874557,0.42380835714320275,0.4858139565336573,-0.34458952192408465,1.5543477309505764,-0.6497712905726681,-0.8834415481878817,0.5692932253471419,-1.604601022954691,-1.1675162847379088,0.6366263360541307
Tl,1.7818823295810686,-1.4928153476638188,1.8704637027534703,-0.8170733576770925,-0.2224563670163025,-0.7342789346702862,-0.3858346982155418,-1.8928207789841143,0.16545502773508763,0.8202601267002857,1.0407561295669052,1.0031318174583872,-0.18414785161345096,-0.9342701151361451,-0.689241094536757,-0.7925570733648191,-1.6045180161859192,-0.13487364045971353,-0.26875798169656606,1.9741496235390932,0.6904484474867161,-0.4661705547232282,0.01079811221188109,-1.3034515174170984,-0.7383476700880299,0.5360665327571781,-0.34079271595212307,-0.16026843750433584,1.0865788230058973,0.7911547754255519,0.2259714634186068,-0.3812686409685269
Pb,1.3920975543625698,1.0913131835771308,-0.5973911064872827,1.768178085989862,-0.9466160855890319,0.7838494082638832,-0.6473734960853039,0.8475080774531045,1.2482016441602166,1.326044302800491,0.7738834793693796,-0.3490991572310795,-1.056881693308274,-0.6830722845195982,-1.2158549096689282,1.0878012551161638,-0.9541405898245471,1.3266340409790927,0.5683077626723255,1.3885878254715356,-0.8977547401933045,1.0171593388811597,1.0749234094260351,0.19818099469159428,-0.6912208312059932,0.989471998701878,-0.4196012588887037,-0.32103917446432434,-0.2505715655185281,-1.1457003659025888,-0.17693720349877531,-1.8659956494441037
Bi,1.2840357386471584,0.4364380342768267,0.7445907695899165,-1.5124694293067558,0.3425861521023992,2.1707141585533725,-1.252162091872673,-0.3202664352860573,1.0745259014174178,0.7510877594366309,0.698427750167467,0.8236395428832121,-0.3558805864745436,-0.8653745536505036,1.0062889182086432,1.5038644359546687,0.6481281089231449,1.0678295746166606,-0.7468013908172771,0.32065280324718426,0.9567104297434055,0.55853423634145,0.41023846994915136,0.45542168180111087,1.2889256088236736,-0.5052593284624345,-0.5196778849265407,-1.852330954033979,-0.4947309890669323,-2.1108446723648,0.1476937599679221,-0.5265607187940761
Po,0.0,0.0,0.0,0.0,0.0,0.0,0.0,0.0,0.0,0.0,0.0,0.0,0.0,0.0,0.0,0.0,0.0,0.0,0.0,0.0,0.0,0.0,0.0,0.0,0.0,0.0,0.0,0.0,0.0,0.0,0.0,0.0
At,0.0,0.0,0.0,0.0,0.0,0.0,0.0,0.0,0.0,0.0,0.0,0.0,0.0,0.0,0.0,0.0,0.0,0.0,0.0,0.0,0.0,0.0,0.0,0.0,0.0,0.0,0.0,0.0,0.0,0.0,0.0,0.0
Rn,0.0,0.0,0.0,0.0,0.0,0.0,0.0,0.0,0.0,0.0,0.0,0.0,0.0,0.0,0.0,0.0,0.0,0.0,0.0,0.0,0.0,0.0,0.0,0.0,0.0,0.0,0.0,0.0,0.0,0.0,0.0,0.0
Fr,0.0,0.0,0.0,0.0,0.0,0.0,0.0,0.0,0.0,0.0,0.0,0.0,0.0,0.0,0.0,0.0,0.0,0.0,0.0,0.0,0.0,0.0,0.0,0.0,0.0,0.0,0.0,0.0,0.0,0.0,0.0,0.0
Ra,0.0,0.0,0.0,0.0,0.0,0.0,0.0,0.0,0.0,0.0,0.0,0.0,0.0,0.0,0.0,0.0,0.0,0.0,0.0,0.0,0.0,0.0,0.0,0.0,0.0,0.0,0.0,0.0,0.0,0.0,0.0,0.0
Ac,0.5063119642653716,1.4152614710400067,1.688501439634551,1.0917001929993653,-1.530819043130471,-1.0400620570254158,-1.2110358004208879,1.5501259653766752,0.3605431878100983,0.4256530095328389,-1.5108133403722512,1.1236830947846883,0.22417431309813177,-1.256573115049861,-0.15559695850908786,-1.2442050668396865,-0.7484532575247321,-0.021146010329384353,-0.8759701411552253,-1.041822442216887,0.4478605775715688,-1.132002465822419,-0.77414267219941,-0.2732035566118558,0.1352203055475214,1.0229749632076828,0.5067675487159027,0.32526486037500185,0.9971466479887108,-1.4970899231715056,0.9567263981589338,-0.29257034438033
Th,-0.26332790988125515,0.7608611148994447,0.7312742563456023,1.3127388320712285,0.7966676082194252,-0.441544192131225,0.8647193349232042,-0.2640262705032449,-0.5094433050314492,1.2223109435253838,0.6013106985016848,1.2854301954785867,1.0753225850689527,1.3984564869199654,1.1803888639749478,-0.9424139884370506,-0.24442798950178474,0.7991084067269779,-0.17923056672256074,-0.2362999831573551,0.2624371513072136,0.8022893704978025,-0.4345286602604676,-1.6900164599261673,0.402056889287842,-1.639497472180375,1.4152423124838311,-0.5022764425865685,-1.9452385856597587,-1.9183317161508946,0.750998428335757,0.36811688253068964
Pa,1.1156821825880716,1.6184697295033876,2.112912357248827,-0.3279331333210456,-0.7835628438964604,-1.3420182188448788,1.3151117573357243,1.6762563521070697,0.2585425001507157,0.8329183965357945,0.19555104002583154,-0.028792971985169433,-1.8940238681865016,0.3094688685100016,-0.25479693769978956,0.39147762706092365,1.0635298289473734,0.13552436829354508,-0.9204102610528252,-0.7068196704743035,-0.7575187708336123,-0.7809431077698912,-1.1918178516030928,0.5344539339781805,0.3924372979169208,0.13374394381940993,0.12518306783988978,0.06749257188382586,0.9453465159472162,-0.4681287109703405,1.5111259213826636,0.53911654573404
U,0.022191604379219715,0.911570162587114,1.6800492813774814,-0.39215832012036533,0.8566992580052624,1.0237824841551737,-0.10334272158241387,2.0381870156582234,-0.8481578105089532,-0.6485838092519672,1.2565808726799297,-0.4201347351485783,0.8677541246716185,1.6161158945383671,-1.1759255130785127,1.136996865744511,0.16425239487194027,0.2979187327596271,1.2574583649315907,1.1874533101772755,-1.4088130249474216,-0.3760184652475322,0.43982053496176104,-0.07141914763170706,0.8727401502710451,-1.0473474702889132,-0.7374597760259094,-0.17469442679322814,0.7401970170711061,-0.5548787691716953,-0.4616536966903509,1.7391805807837728
Np,-0.24713594719304968,0.13927465095666458,-0.024372663360882566,-0.2474071421340209,0.37258493748343613,0.3327201494779414,1.0153923402909086,0.9173929718829972,0.7624310020319803,-1.693831788120443,-1.1027435413334281,-2.2177624579831687,0.8741632188004244,1.6747215717871815,-0.9477164420753192,1.8175565376510137,-0.9747209097385451,1.0232523282456116,0.3402806093841718,-1.1970311585165538,-0.026562115517887182,-0.5036662490662807,-0.41789849537572105,-0.388147114425845,1.9178565310035616,0.2653971075543336,-1.2290715978713558,-0.25462420472315905,0.43774985013359446,-0.7491154761047374,0.5204215233430619,-0.7909449027265766
Pu,0.19172312292827198,0.1541179088554836,-1.6561225141214688,1.1462671849214632,1.5251005341894075,-0.7464039077140074,1.3414624887791102,0.5457392761440234,0.04155238989576895,1.0690163664955574,1.2394190086588621,-0.17085919368997032,-0.8803097414756069,0.1356351565736783,0.9058521626537307,-0.8719997603104804,-0.6631671484781663,-0.36521201847681173,0.5537989357581091,0.6972061294379761,1.3191374351683425,-0.45164578243982356,-0.9616723318475887,-1.1880904889494106,1.4482856433141564,0.6411939546174176,-1.5880624775959717,0.20701117928394985,0.1346056023100767,1.2969093557451241,1.730576813553942,-1.0686556406928303
Am,0.0,0.0,0.0,0.0,0.0,0.0,0.0,0.0,0.0,0.0,0.0,0.0,0.0,0.0,0.0,0.0,0.0,0.0,0.0,0.0,0.0,0.0,0.0,0.0,0.0,0.0,0.0,0.0,0.0,0.0,0.0,0.0
Cm,0.0,0.0,0.0,0.0,0.0,0.0,0.0,0.0,0.0,0.0,0.0,0.0,0.0,0.0,0.0,0.0,0.0,0.0,0.0,0.0,0.0,0.0,0.0,0.0,0.0,0.0,0.0,0.0,0.0,0.0,0.0,0.0
Bk,0.0,0.0,0.0,0.0,0.0,0.0,0.0,0.0,0.0,0.0,0.0,0.0,0.0,0.0,0.0,0.0,0.0,0.0,0.0,0.0,0.0,0.0,0.0,0.0,0.0,0.0,0.0,0.0,0.0,0.0,0.0,0.0
Cf,0.0,0.0,0.0,0.0,0.0,0.0,0.0,0.0,0.0,0.0,0.0,0.0,0.0,0.0,0.0,0.0,0.0,0.0,0.0,0.0,0.0,0.0,0.0,0.0,0.0,0.0,0.0,0.0,0.0,0.0,0.0,0.0
Es,0.0,0.0,0.0,0.0,0.0,0.0,0.0,0.0,0.0,0.0,0.0,0.0,0.0,0.0,0.0,0.0,0.0,0.0,0.0,0.0,0.0,0.0,0.0,0.0,0.0,0.0,0.0,0.0,0.0,0.0,0.0,0.0
Fm,0.0,0.0,0.0,0.0,0.0,0.0,0.0,0.0,0.0,0.0,0.0,0.0,0.0,0.0,0.0,0.0,0.0,0.0,0.0,0.0,0.0,0.0,0.0,0.0,0.0,0.0,0.0,0.0,0.0,0.0,0.0,0.0
Md,0.0,0.0,0.0,0.0,0.0,0.0,0.0,0.0,0.0,0.0,0.0,0.0,0.0,0.0,0.0,0.0,0.0,0.0,0.0,0.0,0.0,0.0,0.0,0.0,0.0,0.0,0.0,0.0,0.0,0.0,0.0,0.0
No,0.0,0.0,0.0,0.0,0.0,0.0,0.0,0.0,0.0,0.0,0.0,0.0,0.0,0.0,0.0,0.0,0.0,0.0,0.0,0.0,0.0,0.0,0.0,0.0,0.0,0.0,0.0,0.0,0.0,0.0,0.0,0.0
Lr,0.0,0.0,0.0,0.0,0.0,0.0,0.0,0.0,0.0,0.0,0.0,0.0,0.0,0.0,0.0,0.0,0.0,0.0,0.0,0.0,0.0,0.0,0.0,0.0,0.0,0.0,0.0,0.0,0.0,0.0,0.0,0.0
